sample,stock_months,unique_permnos,mean_percent,std_percent,min_percent,p01_percent,p25_percent,median_percent,p75_percent,p90_percent,p99_percent,max_percent,high_fee_share_gt_1pct,util_mean_raw,util_median_raw,util_p90_raw,util_p99_raw,month
2007-01,4096,4096,1.130645751953125,2.7692223099545843,0.25,0.375,0.375,0.5,0.5,0.75,12.0,40.0,0.093017578125,21.60068231144162,13.63333,54.79088,92.52174,2007-01
2007-02,4099,4099,1.1348194681629666,2.7817123548781995,0.25,0.3725000000000005,0.375,0.5,0.5,0.8750000000000001,13.0,40.0,0.09392534764576727,22.06528312756176,14.03727,55.90929600000002,91.58067239999995,2007-02
2007-03,4112,4112,1.2236746108949417,2.7702791689566593,0.25,0.375,0.375,0.5,0.5,1.625,13.0,40.0,0.10943579766536965,23.88609159428923,16.29307,60.40374,94.0283855,2007-03
2007-04,4097,4097,1.161795216011716,2.6833400021585314,0.25,0.375,0.375,0.5,0.5,1.125,12.0,45.0,0.1034903587991213,24.084982258207592,16.140565000000002,60.499925,92.5749495,2007-04
2007-05,4135,4135,1.2448004836759372,2.8327313154386276,0.25,0.375,0.375,0.5,0.5,2.5,12.659999999999854,55.00000000000001,0.11753325272067715,24.847210787014415,17.42096,62.49970800000002,92.96512119999998,2007-05
2007-06,4107,4107,1.2758704650596542,2.7491585863762342,0.25,0.375,0.5,0.5,0.5,2.5,12.0,55.00000000000001,0.12271731190650109,27.227486080209257,19.797575000000002,66.95921200000001,93.00455759999998,2007-06
2007-07,4110,4110,1.3630170316301704,2.958285563876804,0.25,0.375,0.5,0.5,0.5,3.5000000000000004,12.0,50.0,0.13138686131386862,27.918042257030365,21.2157,67.36013,92.777495,2007-07
2007-08,4113,4113,1.3815037685387794,3.1261262960289486,0.25,0.375,0.375,0.5,0.5,3.5000000000000004,13.0,55.00000000000001,0.13469486992462923,26.912958244594396,20.73669,63.453541,91.84561029999995,2007-08
2007-09,4075,4075,1.488282208588957,3.206862348251474,0.25,0.375,0.375,0.5,0.5,4.5,14.000000000000002,55.00000000000001,0.1663803680981595,27.23592112782404,21.37983,64.658906,92.8871628,2007-09
2007-10,4079,4079,1.4041431723461633,3.4846595515048713,0.25,0.25,0.25,0.25,0.375,6.0,14.000000000000002,75.0,0.16842363324344203,25.900758665615385,19.33442,63.001647,92.59210700000001,2007-10
2007-11,4047,4047,1.4257165801828515,3.2664678102641216,0.25,0.375,0.375,0.5,0.5,4.0,15.0,55.00000000000001,0.14059797380775885,27.38485507409955,20.763745,65.175206,91.9682191,2007-11
2007-12,3963,3963,1.4071095129952056,3.3274707419046012,0.25,0.375,0.375,0.5,0.5,3.900000000000091,15.0,55.00000000000001,0.13802674741357557,26.509404946354827,19.67801,63.86899400000001,90.86777699999978,2007-12
2008-01,3923,3923,1.4024024980881977,3.4332120414169167,0.25,0.375,0.375,0.5,0.5,4.5,14.779999999999745,55.00000000000001,0.15702268671934744,26.70433030312419,20.11035,64.691738,90.46341919999996,2008-01
2008-02,3904,3904,1.4665727459016393,3.507668167119349,0.25,0.375,0.375,0.5,0.5,4.5,16.9699999999998,65.0,0.16598360655737704,28.04184893147196,22.229975000000003,66.56488499999999,92.46435079999995,2008-02
2008-03,3901,3901,1.6327544219430916,3.658232389077614,0.25,0.375,0.375,0.5,0.5,4.5,16.0,60.0,0.20968982312227635,28.490154888219852,22.379175,65.94854600000001,90.5239445,2008-03
2008-04,3860,3860,1.5200453367875648,3.7046776028052704,0.25,0.375,0.375,0.5,0.5,4.0,18.0,65.0,0.18704663212435232,27.24317481608536,20.75533,64.79824000000008,91.17236180000003,2008-04
2008-05,3846,3846,1.592141185647426,3.9740559998991887,0.25,0.375,0.375,0.5,0.5,4.0,20.0,60.0,0.19890795631825273,27.905550762136304,21.06488,67.203682,91.5103328,2008-05
2008-06,3871,3871,1.670982950142082,3.9831829959264238,0.25,0.375,0.375,0.5,0.625,4.0,19.300000000000182,55.00000000000001,0.21286489279256007,28.313394407574176,21.783389999999997,66.95359099999999,90.98299570000003,2008-06
2008-07,3794,3794,1.6758697944122298,4.181587163358735,0.25,0.375,0.375,0.5,0.5,3.5000000000000004,25.0,55.00000000000001,0.2087506589351608,28.68508977272944,22.201479999999997,67.065184,91.1377545,2008-07
2008-08,3775,3775,1.7084105960264901,4.298902941220391,0.25,0.375,0.375,0.5,0.5,3.5000000000000004,25.0,60.0,0.2047682119205298,27.26898696275087,20.54142,65.186462,90.79857479999998,2008-08
2008-09,3814,3814,3.609137388568432,6.216205045659636,0.25,0.375,0.375,0.5,8.0,10.0,30.0,75.0,0.2991609858416361,25.167844285483444,17.96791,62.074522,88.90216399999996,2008-09
2008-10,3698,3698,1.3075648999459166,4.16868519214973,0.25,0.375,0.5,0.5,0.5,0.8750000000000001,25.0,75.0,0.08518117901568416,23.088283043877052,16.04838,56.484438999999995,86.73626319999998,2008-10
2008-11,3452,3452,1.3768105446118193,4.13669843709451,0.25,0.375,0.5,0.5,0.5,1.375,19.0,70.0,0.14889918887601392,22.2954037113897,15.298195,54.884591,84.91349819999999,2008-11
2008-12,3290,3290,1.1892857142857143,3.8477318788556665,0.25,0.25,0.375,0.375,0.5,0.5,18.0,75.0,0.08571428571428572,20.6043390190169,13.74122,50.568811999999994,82.0327208,2008-12
2009-01,3266,3266,1.1393141457440294,3.9272256031888424,0.25,0.25,0.25,0.375,0.5,0.8750000000000001,18.0,60.0,0.09430496019595835,20.528300238300712,13.45475,50.631228000000014,82.79959300000004,2009-01
2009-02,3224,3224,1.0665322580645162,3.9415049364058996,0.25,0.25,0.25,0.25,0.375,0.75,19.0,75.0,0.0880893300248139,20.574005912078373,13.55524,49.943177999999996,83.99494060000006,2009-02
2009-03,3111,3111,1.0262375441980072,3.8860166077499527,0.25,0.25,0.25,0.25,0.375,0.75,17.0,100.0,0.08614593378334941,20.26277098777814,13.46069,49.97451200000002,82.75475079999995,2009-03
2009-04,3162,3162,1.040599304237824,4.097399366538303,0.25,0.25,0.25,0.375,0.375,0.625,17.0,100.0,0.07969639468690702,18.499986967120968,11.28654,47.20099000000001,79.52843999999996,2009-04
2009-05,3318,3318,1.0262582881253768,4.160611068746438,0.25,0.25,0.25,0.25,0.375,0.625,16.829999999999927,100.0,0.0861965039180229,18.081697105726885,11.066165000000002,46.780923000000016,79.52084370000007,2009-05
2009-06,3398,3398,1.1517436727486756,4.406163693496662,0.25,0.25,0.25,0.375,0.5,0.75,20.149999999998727,100.0,0.0924072984108299,20.442949090836805,12.444965,52.38307200000001,90.02008519999993,2009-06
2009-07,3376,3376,1.1282212677725119,4.517753435264246,0.25,0.25,0.25,0.375,0.375,0.625,19.0,90.0,0.09063981042654029,18.532894502143925,11.47359,46.65499,82.53120459999995,2009-07
2009-08,3430,3430,1.0719752186588922,4.11850766046901,0.25,0.25,0.25,0.375,0.375,0.625,18.710000000000036,90.0,0.08454810495626822,17.29755810730724,10.270145,44.34481200000004,81.84451989999998,2009-08
2009-09,3447,3447,1.1316362053959965,4.3060561851812045,0.25,0.25,0.375,0.375,0.375,0.5,25.0,90.0,0.07687844502465913,16.785644686721785,9.726574,42.237672,86.75002719999999,2009-09
2009-10,3495,3495,1.2010371959942776,5.234860742235797,0.25,0.25,0.25,0.375,0.375,0.625,25.0,120.0,0.07982832618025751,17.381270834941343,9.917476,44.78051599999998,89.74136739999994,2009-10
2009-11,3424,3424,1.0838200934579438,4.311694759064912,0.25,0.25,0.25,0.375,0.375,0.625,20.0,100.0,0.08323598130841121,17.606094780645442,10.31237,44.26513100000002,86.6339881,2009-11
2009-12,3421,3421,1.1396886875182695,4.537239694769561,0.25,0.25,0.25,0.375,0.375,0.5,25.0,75.0,0.07980122771119556,16.979137256430867,10.04288,42.71929,86.3051980000001,2009-12
2010-01,3442,3442,1.1334979662986635,4.146589283213759,0.25,0.25,0.25,0.375,0.375,0.75,20.0,55.00000000000001,0.08512492736780941,17.432175602603138,10.44755,43.577318000000005,88.37788300000003,2010-01
2010-02,3432,3432,1.1632794289044288,4.329524946461337,0.25,0.25,0.25,0.375,0.375,0.8750000000000001,25.0,80.0,0.09265734265734266,18.50979861211247,11.690595,45.44371,87.8739773,2010-02
2010-03,3450,3450,1.1870652173913043,4.183796341794117,0.25,0.25,0.375,0.375,0.375,0.75,25.0,65.0,0.08869565217391304,17.95229558924058,10.79765,44.53666299999998,88.39825919999991,2010-03
2010-04,3484,3484,1.2093140068886337,4.137895334000271,0.25,0.25,0.375,0.375,0.5,1.0,25.0,85.0,0.09845005740528129,17.472605017827213,10.460605000000001,44.506517,87.70618060000002,2010-04
2010-05,3536,3536,1.3681419683257918,5.109125359169493,0.25,0.25,0.375,0.375,0.5,1.25,25.0,110.00000000000001,0.11001131221719457,18.084122916857062,11.45469,45.63576400000005,87.54950020000001,2010-05
2010-06,3458,3458,1.3051980913823018,4.746500231312619,0.25,0.25,0.375,0.375,0.375,1.125,22.14999999999918,90.0,0.10208212839791787,18.67752798314922,12.0641,45.498228000000005,85.25382919999991,2010-06
2010-07,3419,3419,1.3202690845276397,5.101623042328418,0.25,0.25,0.375,0.375,0.5,1.25,25.0,114.99999999999999,0.10617139514477918,17.013105600336356,10.62098,41.822582000000004,83.8992728,2010-07
2010-08,3428,3428,1.3646805717619603,5.8922787575674365,0.25,0.25,0.375,0.375,0.5,1.25,20.0,114.99999999999999,0.1058926487747958,17.990220812584596,11.603629999999999,43.395414,87.060303,2010-08
2010-09,3409,3409,1.3177618069815196,5.111792268316591,0.25,0.25,0.375,0.375,0.375,1.375,19.920000000000073,100.0,0.10736286300968026,17.618064148078616,10.71847,43.64002800000001,89.88742920000003,2010-09
2010-10,3500,3500,1.367392857142857,5.197668195299313,0.25,0.375,0.375,0.375,0.5,1.5,25.0,90.0,0.11485714285714285,16.85228302042,9.9019205,43.724364999999985,89.95112809999996,2010-10
2010-11,3522,3522,1.3864281658148778,5.255155534271556,0.25,0.375,0.375,0.375,0.5,1.6125000000000114,25.0,105.0,0.11839863713798977,16.55178403254401,9.512929,42.69787800000002,87.8790146,2010-11
2010-12,3521,3521,1.375071002556092,5.677741221514027,0.25,0.25,0.375,0.375,0.375,1.375,25.0,110.00000000000001,0.11161601817665436,14.868054763564329,7.971829,38.44004,85.43213800000001,2010-12
2011-01,3560,3560,1.3242275280898876,4.909638785046738,0.25,0.375,0.375,0.375,0.5,1.5,20.0,90.0,0.11376404494382023,15.432453435636672,7.9949285,42.30740000000006,88.00062620000001,2011-01
2011-02,3583,3583,1.408247278816634,5.404417571148304,0.25,0.375,0.375,0.375,0.5,1.5,25.0,105.0,0.10940552609545073,16.04495709154061,8.478345,43.385658,90.83632939999995,2011-02
2011-03,3627,3627,1.650296388199614,6.921615723119084,0.25,0.25,0.375,0.375,0.375,1.7500000000000002,30.0,110.00000000000001,0.11690102012682659,16.68906299500834,8.7007885,46.217211000000006,92.42037509999999,2011-03
2011-04,3616,3616,1.8331720132743363,8.058564463229454,0.25,0.375,0.375,0.375,0.375,1.875,30.0,114.99999999999999,0.1230641592920354,16.944858144553002,8.752213,47.180432000000046,94.8711028,2011-04
2011-05,3595,3595,1.8641168289290682,8.131047294878847,0.25,0.25,0.375,0.375,0.375,1.875,35.0,114.99999999999999,0.12767732962447845,17.468732526660173,9.585704,48.065748000000006,92.76251199999999,2011-05
2011-06,3570,3570,2.039810924369748,9.285190420063447,0.25,0.25,0.25,0.25,0.375,1.7500000000000002,45.0,114.99999999999999,0.12829131652661063,18.245187699786875,10.458835,49.777345,91.97538349999999,2011-06
2011-07,3523,3523,2.220586148169174,9.562275782848245,0.25,0.25,0.375,0.375,0.375,1.875,45.0,114.99999999999999,0.1334090263979563,17.221121447800513,9.329971,46.39698800000004,88.87594000000001,2011-07
2011-08,3506,3506,2.3202010838562463,9.630429992981124,0.25,0.375,0.375,0.375,0.5,2.0,50.0,114.99999999999999,0.14232743867655448,18.75301261346362,10.8132,49.84554199999997,92.5381864,2011-08
2011-09,3443,3443,2.221173395294801,9.425308771677106,0.25,0.375,0.375,0.375,0.375,1.7500000000000002,50.0,114.99999999999999,0.13099041533546327,19.754085117651165,12.18567,51.624458,92.82438900000001,2011-09
2011-10,3374,3374,2.059610254890338,9.08023937940061,0.25,0.375,0.375,0.375,0.375,1.625,45.0,114.99999999999999,0.11796087729697688,18.50686321241103,11.30885,47.966528000000004,89.98313109999998,2011-10
2011-11,3403,3403,1.9767851895386424,8.38355091442382,0.25,0.375,0.375,0.375,0.375,1.625,40.0,114.99999999999999,0.12342051131354687,18.08894593736904,10.82333,45.97631700000001,88.50845199999995,2011-11
2011-12,3369,3369,1.8181582071831404,7.693674543609128,0.25,0.25,0.375,0.375,0.375,1.625,40.0,114.99999999999999,0.11308993766696349,17.2812509991684,10.12672,45.47621000000001,87.18091720000001,2011-12
2012-01,3342,3342,1.580191502094554,6.723560492190117,0.25,0.375,0.375,0.375,0.375,1.375,30.0,110.00000000000001,0.10891681627767803,16.442004889595687,8.794752,44.24183800000005,88.25167419999995,2012-01
2012-02,3407,3407,1.6568828881714117,6.783041287168033,0.25,0.375,0.375,0.375,0.5,1.625,30.0,110.00000000000001,0.11916642207220429,16.267605276136898,8.2974195,44.576125000000005,89.09236680000001,2012-02
2012-03,3437,3437,1.7012656386383473,6.912938226871474,0.25,0.375,0.375,0.375,0.5,1.625,30.0,114.99999999999999,0.11899912714576666,16.28300795156177,7.6980105000000005,46.905175,88.62327120000002,2012-03
2012-04,3454,3454,1.746561957151129,6.372363705893214,0.25,0.375,0.375,0.375,0.5,1.875,30.0,110.00000000000001,0.1288361320208454,16.974983462610208,8.404868,47.89281,90.0212435999999,2012-04
2012-05,3438,3438,1.6877908667830135,5.970865751522418,0.25,0.375,0.375,0.375,0.5,1.875,30.0,100.0,0.1300174520069808,18.041862825008735,9.805649500000001,50.304300000000005,89.25489670000003,2012-05
2012-06,3386,3386,1.7168857058476077,6.59943101447766,0.25,0.25,0.375,0.375,0.5,1.875,30.0,114.99999999999999,0.12020082693443591,17.872057744789817,10.071475,47.883992,88.2622677,2012-06
2012-07,3376,3376,1.785989336492891,6.747043984741273,0.25,0.375,0.375,0.375,0.5,1.875,30.0,110.00000000000001,0.12233412322274881,17.304893295441875,8.9968495,46.999262,89.3004848,2012-07
2012-08,3370,3370,1.745586053412463,6.35846765568024,0.25,0.375,0.375,0.375,0.5,1.875,30.0,110.00000000000001,0.1228486646884273,16.565061148243686,8.052248,47.9648,90.36956400000001,2012-08
2012-09,3383,3383,1.6812740171445462,6.6129823318978564,0.25,0.25,0.375,0.375,0.375,1.7500000000000002,30.0,110.00000000000001,0.12415016257759386,15.834219128766271,7.211083,46.07693999999999,89.4120799,2012-09
2012-10,3393,3393,1.618442381373416,5.642478357201947,0.25,0.375,0.375,0.375,0.5,1.875,25.0,105.0,0.12849985263778368,15.802789001077333,6.594716,48.24565700000002,91.43650880000006,2012-10
2012-11,3367,3367,1.6553682803682803,5.959006134641483,0.25,0.375,0.375,0.375,0.5,1.875,30.0,100.0,0.12919512919512918,16.058529360743826,7.125486,46.13903,90.58999800000001,2012-11
2012-12,3352,3352,1.5681682577565632,5.72888507110183,0.25,0.375,0.375,0.375,0.375,1.875,30.0,95.0,0.12261336515513127,15.424932113320382,6.133687,46.8203,91.61712400000005,2012-12
2013-01,3362,3362,1.6603955978584175,6.415467490777143,0.25,0.375,0.375,0.375,0.5,1.875,25.0,110.00000000000001,0.12462819750148721,14.858895874004174,5.4010315,45.669585000000005,90.48934819999994,2013-01
2013-02,3410,3410,1.7156524926686216,6.676611221855349,0.25,0.375,0.375,0.375,0.5,1.8874999999999886,29.549999999999272,110.00000000000001,0.12991202346041056,15.201925919050279,5.858126,45.76344,90.21462,2013-02
2013-03,3413,3413,1.6456196894227952,6.367744981328389,0.25,0.375,0.375,0.375,0.5,1.875,30.0,110.00000000000001,0.1233518898329915,15.775987315,6.3924145,46.898379,93.47422689999998,2013-03
2013-04,3427,3427,1.6329880361832507,6.05281735341081,0.25,0.375,0.375,0.375,0.5,1.875,28.69999999999891,105.0,0.12489057484680478,15.491081445021923,5.849046,45.80046,93.92588800000006,2013-04
2013-05,3417,3417,1.555019022534387,5.683739786247802,0.25,0.375,0.375,0.375,0.375,1.7500000000000002,30.0,95.0,0.12291483757682177,14.769403605394544,5.532588,44.05809800000006,90.5417092,2013-05
2013-06,3411,3411,1.533824391673996,5.759541697712259,0.25,0.25,0.375,0.375,0.375,1.625,30.0,90.0,0.1169744942832014,15.60634539290332,5.910196,47.443270000000034,91.5361448,2013-06
2013-07,3407,3407,1.5180877604931025,5.609480475303061,0.25,0.375,0.375,0.375,0.375,1.625,29.700000000000273,90.0,0.11828588200763135,14.585705274002942,5.248793,43.945612,88.97990169999998,2013-07
2013-08,3449,3449,1.6174253406784576,5.883782964079726,0.25,0.375,0.375,0.375,0.375,1.7500000000000002,30.0,90.0,0.1290229051899101,15.004772046686046,5.5879095,44.694012999999984,92.73623500000004,2013-08
2013-09,3440,3440,1.5764171511627907,5.768939722167015,0.25,0.25,0.375,0.375,0.375,1.7500000000000002,35.0,90.0,0.12267441860465116,14.834226269801922,5.781489,43.67113600000001,91.01540559999998,2013-09
2013-10,3450,3450,1.506195652173913,5.418702396373377,0.25,0.25,0.375,0.375,0.375,1.7500000000000002,30.0,85.0,0.12318840579710146,14.695978307489833,5.575125,44.66771800000003,92.4874582,2013-10
2013-11,3436,3436,1.63656868451688,6.2532300857263055,0.25,0.25,0.375,0.375,0.375,1.7500000000000002,30.0,100.0,0.1280558789289872,14.353296712650321,4.8942195,43.921075,91.6641875,2013-11
2013-12,3437,3437,1.6123799825429153,6.0621433078401425,0.25,0.25,0.375,0.375,0.375,1.7500000000000002,30.0,95.0,0.1259819610125109,13.825406094810495,4.5630765,41.56896799999999,91.8963676,2013-12
2014-01,3438,3438,1.5568644560791158,5.5794943955411185,0.25,0.25,0.375,0.375,0.375,1.7500000000000002,30.0,90.0,0.12361838278068644,13.858291643111693,4.508418,42.47421600000008,89.51053359999999,2014-01
2014-02,3469,3469,1.6776448544249063,6.3439960651866985,0.25,0.25,0.375,0.375,0.375,2.0,30.0,105.0,0.13173825309887577,14.625973110164884,5.155721,44.30073400000002,92.24840040000001,2014-02
2014-03,3595,3595,1.7645688456189152,6.448623314269161,0.25,0.25,0.375,0.375,0.375,2.7999999999999545,30.0,105.0,0.14325452016689846,15.136796166601455,5.7779025,45.31773600000001,92.7346501,2014-03
2014-04,3603,3603,1.7852137107965584,6.200888060502343,0.25,0.375,0.375,0.375,0.5,3.0,30.0,110.00000000000001,0.147932278656675,15.446455441807798,6.123153,45.806651999999985,93.42638440000005,2014-04
2014-05,3582,3582,1.8164084310441095,6.5819545307801866,0.25,0.25,0.375,0.375,0.5,2.5,35.0,110.00000000000001,0.14963707426018985,15.60680471110426,6.364476,45.785637,92.0725061,2014-05
2014-06,3575,3575,1.8437762237762239,6.678839738883516,0.25,0.25,0.375,0.375,0.5,2.7999999999999545,35.0,110.00000000000001,0.15076923076923077,15.424864499400844,6.53931,45.654132,89.5862338,2014-06
2014-07,3611,3611,2.0080310163389643,7.059193694010937,0.25,0.25,0.375,0.375,0.5,3.0,35.0,114.99999999999999,0.16338964275823872,15.636297654736987,6.475719,46.26588,90.13239279999999,2014-07
2014-08,3620,3620,2.0279696132596685,7.4537438936202625,0.25,0.25,0.375,0.375,0.5,3.5000000000000004,35.0,110.00000000000001,0.16270718232044198,15.368640587049999,6.5614865,45.643228,87.61163859999988,2014-08
2014-09,3650,3650,1.975068493150685,7.280268930351435,0.25,0.25,0.375,0.375,0.5,3.5000000000000004,35.0,110.00000000000001,0.16246575342465752,16.260292577242232,7.402677,46.874396000000004,89.36561039999991,2014-09
2014-10,3623,3623,1.9190932928512283,7.000085411967354,0.25,0.25,0.375,0.375,0.5,3.0,30.0,110.00000000000001,0.16284846812034226,15.868541053756232,7.1569199999999995,46.076721,89.99868499999998,2014-10
2014-11,3602,3602,1.8756593559133814,6.485859569621811,0.25,0.25,0.375,0.375,0.5,3.5000000000000004,35.0,105.0,0.1690727373681288,15.595946014426184,6.7731505,46.99719399999999,88.04107730000001,2014-11
2014-12,3608,3608,1.8306541019955653,6.484417266615794,0.25,0.25,0.375,0.375,0.5,3.5000000000000004,35.0,105.0,0.16879157427937916,14.73158610618783,6.140071,44.20357600000003,85.8642698,2014-12
2015-01,3611,3611,1.745049847687621,5.921196393366686,0.25,0.25,0.375,0.375,0.5,3.5000000000000004,30.0,110.00000000000001,0.1703129327056217,14.800142160760899,6.184822,44.17446,88.27071,2015-01
2015-02,3629,3629,1.8173739322127307,6.025935271769193,0.25,0.375,0.375,0.375,0.5,3.5000000000000004,30.0,110.00000000000001,0.1730504271149077,14.766704574153717,6.211956000000001,43.054524,88.24646519999983,2015-02
2015-03,3656,3656,1.9766479759299782,6.03341109473024,0.25,0.375,0.5,0.5,0.625,3.5000000000000004,30.0,100.0,0.1838074398249453,14.972412332712707,6.217157,44.72644099999999,86.5410692,2015-03
2015-04,3655,3655,1.8805403556771545,6.494018822108874,0.25,0.25,0.375,0.375,0.5,3.5000000000000004,30.0,105.0,0.17209302325581396,14.370041140370164,5.702961500000001,44.052046,84.79190549999998,2015-04
2015-05,3672,3672,1.8804806644880174,6.428375952502478,0.25,0.25,0.375,0.375,0.5,3.5000000000000004,30.0,100.0,0.17320261437908496,14.876612005104453,6.304073499999999,45.40184600000001,85.0341891,2015-05
2015-06,3691,3691,1.9231915470062313,7.033585583916586,0.25,0.25,0.375,0.375,0.5,3.5000000000000004,30.0,140.0,0.17041452180980765,15.785980115141536,7.0360655,46.15762200000002,91.3642534,2015-06
2015-07,3666,3666,1.8708060556464812,6.68728790676104,0.25,0.25,0.375,0.375,0.5,3.5000000000000004,30.0,114.99999999999999,0.1778505182760502,15.979542906106849,7.0717495,46.984719,92.3976548,2015-07
2015-08,3647,3647,1.8584452975047985,6.663422357442654,0.25,0.375,0.375,0.375,0.5,3.0,30.0,110.00000000000001,0.17219632574718946,17.324353055328004,8.3239745,49.915655,93.6038853,2015-08
2015-09,3655,3655,1.9025991792065664,6.7205796806976466,0.25,0.25,0.375,0.375,0.5,3.5000000000000004,30.0,105.0,0.17701778385772915,17.821354942679704,9.10117,50.28089,90.821711,2015-09
2015-10,3634,3634,1.897461474958723,6.567405370216961,0.25,0.25,0.375,0.375,0.5,3.5000000000000004,30.0,110.00000000000001,0.1755641166758393,17.548134427527685,8.503092500000001,51.290617,94.74209879999995,2015-10
2015-11,3631,3631,1.9832002203249794,6.268602623127426,0.25,0.375,0.375,0.5,0.625,3.5000000000000004,30.0,105.0,0.18837785733957588,17.135146252571268,8.224339,49.22445400000002,92.31748920000004,2015-11
2015-12,3651,3651,2.3388797589701453,6.55617198008004,0.25,0.375,0.75,0.75,0.8750000000000001,4.5,35.0,110.00000000000001,0.21254450835387564,16.927350188817055,7.837993,49.38620999999999,90.52238779999999,2015-12
2016-01,3604,3604,2.205639567147614,6.2708897024668016,0.25,0.375,0.5,0.5,0.8750000000000001,4.0,35.0,95.0,0.2255826859045505,17.888248947724485,9.203862,52.116875,91.43676950000003,2016-01
2016-02,3554,3554,2.3026167698368036,7.235548514343242,0.25,0.375,0.5,0.5,0.75,4.5,35.0,110.00000000000001,0.21862689926842993,17.956014539032804,9.077236500000001,50.8472,93.2904755,2016-02
2016-03,3537,3537,2.3563047780605033,7.408617932522479,0.25,0.375,0.5,0.5,0.8750000000000001,4.0,35.0,114.99999999999999,0.22448402601074358,17.44995702330964,9.132906,48.83313800000001,88.64954560000011,2016-03
2016-04,3587,3587,2.2915737385001393,7.362535852009471,0.25,0.375,0.5,0.5,0.8750000000000001,4.0,30.699999999999363,114.99999999999999,0.22748815165876776,16.722882200569423,8.491006,46.890001999999996,89.22463520000001,2016-04
2016-05,3633,3633,2.2267409854115057,6.571980321624374,0.25,0.375,0.5,0.5,0.8750000000000001,4.0,30.0,114.99999999999999,0.23781998348472336,16.42242545998062,8.3820485,45.394870000000004,91.1321500999998,2016-05
2016-06,3617,3617,2.2148880287531103,6.365487426714638,0.25,0.375,0.5,0.5,1.0,4.5,30.0,110.00000000000001,0.2435720210118883,16.534401355616666,8.821625000000001,45.029084,86.12805109999995,2016-06
2016-07,3600,3600,2.2497569444444445,6.997553142037577,0.25,0.375,0.5,0.5,1.0,4.5,30.0,114.99999999999999,0.24388888888888888,15.668748888832075,7.537575,43.98360400000003,87.17776519999997,2016-07
2016-08,3625,3625,2.369310344827586,7.684190129472425,0.25,0.375,0.5,0.5,1.0,4.5,35.0,114.99999999999999,0.23806896551724138,15.225549283974464,7.211216,42.62197400000002,87.96508020000002,2016-08
2016-09,3628,3628,2.3800303197353916,8.198189246376387,0.25,0.375,0.375,0.375,0.8750000000000001,5.0,35.0,120.0,0.2326350606394708,15.76944356119878,7.8855895,43.252462,90.680354,2016-09
2016-10,3629,3629,2.2998071093965278,7.925811359017105,0.25,0.375,0.375,0.375,0.8750000000000001,5.0,30.0,114.99999999999999,0.2350509782309176,15.67647833239889,7.510675,44.694317999999996,90.35539559999997,2016-10
2016-11,3586,3586,2.0769659788064696,6.795630182606882,0.25,0.25,0.375,0.375,0.8750000000000001,4.0,25.0,114.99999999999999,0.22922476296709426,14.584788049379735,6.782902,40.75348200000001,89.65068460000006,2016-11
2016-12,3586,3586,2.4054656999442274,8.18868773359946,0.25,0.375,0.375,0.375,0.8750000000000001,4.5,35.0,114.99999999999999,0.23647518126045733,13.680181285927487,5.681286,40.15490700000003,87.1810504999999,2016-12
2017-01,3570,3570,2.131232492997199,7.370526910953559,0.25,0.375,0.375,0.375,0.75,4.0,35.0,110.00000000000001,0.20364145658263305,13.543497885690531,5.3794635,41.113009000000005,88.24484499999993,2017-01
2017-02,3588,3588,2.2016095317725752,7.773743857015796,0.25,0.25,0.375,0.375,0.75,4.0,35.0,110.00000000000001,0.20707915273132665,13.976234967949509,5.406122,41.102526,92.24408720000004,2017-02
2017-03,3589,3589,2.369253273892449,8.282623743443878,0.25,0.25,0.375,0.375,0.625,4.5,40.0,110.00000000000001,0.21120089161326275,14.757422532807412,6.0020675,43.391262000000026,93.58364039999994,2017-03
2017-04,3579,3579,2.4919670298966192,9.25131783705549,0.25,0.25,0.375,0.375,0.625,4.5,41.099999999999,155.0,0.20732048058116792,14.857965519991572,5.967953,42.83851400000001,94.9751016,2017-04
2017-05,3564,3564,2.402497194163861,8.735894251830414,0.25,0.25,0.375,0.375,0.625,4.5,36.849999999999454,114.99999999999999,0.2107182940516274,14.768288940831924,5.8242805,43.204205,92.44665750000004,2017-05
2017-06,3539,3539,2.449562023170387,8.721044970266458,0.25,0.25,0.375,0.375,0.75,5.0,40.0,114.99999999999999,0.211641706696807,15.313648618183628,6.6147065000000005,44.40757900000001,92.8179908999999,2017-06
2017-07,3558,3558,2.586565486228218,9.185662959998554,0.25,0.25,0.375,0.375,0.75,6.0,40.0,135.0,0.2203485103991006,15.325730113233297,6.5406794999999995,43.719922000000004,91.20714860000004,2017-07
2017-08,3562,3562,2.305235822571589,8.004318764622118,0.25,0.25,0.375,0.375,0.75,4.5,35.0,140.0,0.21448624368332397,15.437982031360812,7.1376485,42.66976400000002,91.85870980000007,2017-08
2017-09,3547,3547,2.291267268113899,7.944954139928338,0.25,0.25,0.375,0.375,0.625,4.5,35.0,114.99999999999999,0.20270651254581337,15.348745982097048,6.7458765,43.57383400000002,92.39410659999999,2017-09
2017-10,3560,3560,2.373630617977528,8.161368335826692,0.25,0.25,0.375,0.375,0.625,5.0,35.0,114.99999999999999,0.2103932584269663,15.379086643216507,6.4317815,45.094200000000036,95.26666810000006,2017-10
2017-11,3553,3553,2.3598719392063043,7.90368574423814,0.25,0.25,0.375,0.375,0.625,5.0,35.0,114.99999999999999,0.20743034055727555,14.988142545819162,6.319834999999999,43.771668999999996,93.9463154,2017-11
2017-12,3542,3542,2.515351496329757,8.49521529015871,0.25,0.375,0.375,0.375,0.75,6.0,35.0,114.99999999999999,0.2075098814229249,14.165903955804435,5.5914785,41.934572,91.2800609,2017-12
2018-01,3570,3570,2.600035014005602,9.387831323586104,0.25,0.375,0.375,0.375,0.75,5.0,45.0,130.0,0.20756302521008405,14.78524521320744,5.4865075,44.602383,92.42216419999997,2018-01
2018-02,3570,3570,2.6386904761904764,9.43743596562116,0.25,0.375,0.375,0.375,0.71875,6.0,50.0,114.99999999999999,0.2053221288515406,15.226607876422328,5.905185,45.97043000000001,92.4910014,2018-02
2018-03,3574,3574,2.3718234700615555,8.465497877168982,0.1,0.18355211000000002,0.27499999999999997,0.2971455,0.6010847500000001,4.988785400000006,39.96484799999992,124.4312,0.21180749860100728,15.334311152630987,5.9618775,46.23610599999999,93.03818169999997,2018-03
2018-04,3576,3576,2.258817737975391,8.429591581555314,0.1,0.16006774999999998,0.27435125,0.290218,0.5158762499999999,4.473423499999999,38.1776025,138.3315,0.20385906040268456,15.174955829735582,5.636591,45.79784599999999,90.4901534,2018-04
2018-05,3573,3573,2.062780071088721,7.457210047050041,0.1,0.14955972,0.27499999999999997,0.298344,0.49116000000000004,4.033065000000001,32.52908479999997,107.55760000000001,0.19871256647075286,14.856143187440813,5.350704,44.56773600000001,91.62572159999999,2018-05
2018-06,3584,3584,2.333019594029018,9.164220685907724,0.1,0.15958881,0.27364175,0.295629,0.53981125,4.294470000000002,38.3847627000001,225.3046,0.21037946428571427,15.030651635557115,5.844597,43.84488400000001,90.21239840000004,2018-06
2018-07,3577,3577,2.033047758456807,7.359813963766691,0.1,0.15646132,0.274857,0.29896900000000004,0.479835,3.9809390000000007,31.739922799999835,114.1008,0.19988817444786133,14.876353372963171,5.834092,44.223888,90.16277840000004,2018-07
2018-08,3584,3584,1.9475991668526789,7.4418622515574135,0.1,0.16303355,0.27499999999999997,0.297542,0.44530549999999997,3.707552100000006,30.544286800000023,151.7657,0.18722098214285715,14.743978765297419,5.8602165,42.558182000000016,89.73071549999997,2018-08
2018-09,3602,3602,1.9312222254303166,7.371559746283754,0.1,0.15274025,0.275214,0.305944,0.47291474999999994,3.6936150000000003,29.765060199999784,139.983,0.18295391449194892,14.976665349030998,5.922194,43.3354,88.433404,2018-09
2018-10,3594,3594,1.956296238452977,7.955505331316091,0.1,0.15389449,0.27485575,0.2919355,0.414967,3.4610878,33.42894140000013,171.4546,0.17946577629382304,15.203559204986002,6.1697305,43.77181800000001,93.518553,2018-10
2018-11,3559,3559,1.8210340705254289,8.716176180954946,0.1,0.18531486,0.27837749999999994,0.294139,0.354057,3.2675268000000046,25.967890200000006,240.6842,0.1728013486934532,14.450403854198926,5.832697,41.07988000000003,93.50786459999999,2018-11
2018-12,3532,3532,1.867691458380521,8.38635297952046,0.1,0.16666801,0.2749755,0.286045,0.36250000000000004,3.353931,30.530907500000232,225.9331,0.1673272933182333,14.236596058599941,6.071329,40.03112400000001,91.78512520000001,2018-12
2019-01,3459,3459,1.6146074637178376,7.0856654083816855,0.1,0.19264726,0.27499999999999997,0.29009399999999996,0.3616935,3.132250800000006,21.589741400000015,185.4298,0.15466897947383637,14.198782050587722,6.002851,39.088650000000015,91.91523679999989,2019-01
2019-02,3519,3519,1.6281357198067634,6.37510627937182,0.1,0.14849974,0.27675249999999996,0.292099,0.3396115,3.222119000000002,30.34904580000018,109.0351,0.15089514066496162,14.462223713759291,6.164706,38.982863,93.9667391999999,2019-02
2019-03,3550,3550,1.755595906197183,7.433801708066552,0.1,0.18765976,0.27922025,0.2955725,0.350057,3.3679165999999983,31.27290589999988,169.2279,0.156056338028169,14.517884287076487,6.071709,41.240289,92.1049632,2019-03
2019-04,3552,3552,1.837144044481982,8.112293796619571,0.1,0.18210772,0.27934875,0.2962275,0.34707075,3.1746204000000025,32.35718219999999,197.6981,0.15512387387387389,14.453233930685165,5.7638485,41.33405200000001,95.01384930000002,2019-04
2019-05,3568,3568,1.729020720571749,7.3198439145491125,0.1,0.25722071,0.2789945,0.294438,0.3386125,2.995227900000005,28.36314199999994,155.7072,0.15358744394618834,14.908821337521848,6.006731,42.33117600000001,95.12659719999999,2019-05
2019-06,3540,3540,1.9735358663841809,8.759715863981492,0.162435,0.24758504,0.28019499999999997,0.296325,0.34024475,3.062166,44.04785700000027,232.142,0.1596045197740113,14.67678338524879,5.976056,41.407216000000005,94.72788560000004,2019-06
2019-07,3565,3565,2.1925484981767176,9.192278419779667,0.126124,0.26457044,0.281286,0.297576,0.357184,3.4135327999999987,45.40376600000008,222.2502,0.17223001402524543,14.32471203656708,5.9003175,41.77016800000003,87.10422569999997,2019-07
2019-08,3546,3546,2.0047855854483925,7.95255540814365,0.1,0.2057233,0.277821,0.29273699999999997,0.3364555,3.174973,44.783315000000265,128.5617,0.16300056401579244,14.566711414468989,6.477166,41.00172,88.10003099999999,2019-08
2019-09,3539,3539,1.983953612037299,7.685235036303439,0.1,0.23310306,0.2798885,0.29579900000000003,0.3473695,2.901616600000002,43.0524991999999,121.69369999999999,0.15710652726758972,14.30926521746455,5.95321,41.40639,87.244925,2019-09
2019-10,3544,3544,1.949045658577878,8.35036579183843,0.1,0.25378013,0.27890625,0.293647,0.33777599999999997,2.8600898000000017,39.23924140000037,185.8611,0.14954853273137697,14.47502217656179,6.0031145,41.624108,88.0836085,2019-10
2019-11,3509,3509,1.838812348247364,7.808954410770408,0.1,0.2350054,0.277849,0.293289,0.337374,2.600263200000003,38.75361560000009,184.7224,0.14192077514961526,14.237086410967095,6.014885,40.50582199999999,87.44948279999996,2019-11
2019-12,3498,3498,1.8317677572898798,8.376853198655917,0.1,0.23622363999999998,0.27936325,0.296709,0.33797475,2.0502908000000004,37.18950149999996,185.6488,0.1320754716981132,13.376256680341854,5.279739,38.29399,86.54106599999997,2019-12
2020-01,3520,3520,1.835942696590909,8.035174484045292,0.1,0.20604624,0.28437125,0.302346,0.34262175,2.213994,38.02595409999998,170.6418,0.1380681818181818,13.52079646099315,5.142321,39.44038400000004,88.18492669999999,2020-01
2020-02,3522,3522,1.8870464409426462,9.618521628891715,0.1,0.23200504000000002,0.27863899999999997,0.291817,0.32570575,2.013733700000001,41.458721899999965,241.60720000000003,0.13174332765474162,13.526346202799315,5.2133815,38.240064000000004,86.66872329999998,2020-02
2020-03,3513,3513,2.009324994591517,9.25043034814204,0.1,0.23463108,0.277746,0.292444,0.33585,2.031828800000002,46.54929120000028,158.60289999999998,0.15086820381440363,14.062408503678949,5.936552,39.747,85.53461,2020-03
2020-04,3344,3344,1.7969948531698565,8.59090534910228,0.1,0.1875,0.27842525,0.294363,0.33525675,1.5345326000000008,45.34325570000039,150.0308,0.13068181818181818,13.59088910126237,5.764142,37.63247,86.09171819999999,2020-04
2020-05,3423,3423,1.9489071340929012,9.17268506989169,0.1,0.19961518,0.2782825,0.294839,0.3414545,1.7310002000000013,50.187467399999996,135.7507,0.14168857727139936,13.331996127108964,5.87335,36.535615,85.25825869999997,2020-05
2020-06,3466,3466,2.67562977034045,12.059913073729476,0.1,0.1881931,0.27739875,0.2950515,0.41195575,2.92617,59.46873099999967,212.03759999999997,0.17743796884016158,13.855132796872104,6.3810970000000005,37.585465,83.79852899999997,2020-06
2020-07,3526,3526,2.539969463981849,10.917497355293825,0.1,0.21288100000000001,0.27940575,0.299196,0.43030525000000003,2.721515,59.1579275,193.76420000000002,0.1704480998298355,13.07718254425199,5.4019375,36.462465,82.44615649999994,2020-07
2020-08,3565,3565,2.5555771626928467,11.020552415543499,0.1,0.17463331999999998,0.281189,0.30291,0.42683299999999996,2.8029307999999995,54.66208760000013,248.70610000000002,0.17194950911640955,12.812815941724816,5.1846935,37.17191700000001,84.0585103,2020-08
2020-09,3578,3578,2.5720536755170484,11.136535937178106,0.1,0.20497115,0.27873225,0.2965715,0.40160275000000006,2.695704100000001,63.241455700000024,191.33169999999998,0.1660145332588038,13.041786064569665,5.202646,38.95739000000002,85.38073700000004,2020-09
2020-10,3573,3573,2.2610965880212706,9.64324755898644,0.1,0.13561416,0.27969499999999997,0.302484,0.394232,2.1963268000000045,49.96293359999999,139.99349999999998,0.16036943744752308,12.759454590844083,4.634142499999999,39.192305,86.82900799999999,2020-10
2020-11,3561,3561,2.2864482645324347,9.981271436281379,0.1,0.1547856,0.280306,0.306794,0.36575599999999997,2.251544,52.97700600000006,214.6739,0.15501263689974726,12.013766650793919,4.088523,35.42427800000002,83.08401939999996,2020-11
2020-12,3663,3663,2.3618431984711985,9.310771954450596,0.1,0.16964958,0.27970399999999995,0.30711,0.398583,2.977577,52.675265,120.3532,0.16734916734916735,11.913291503906978,4.062879,35.48040599999998,79.04448460000002,2020-12
2021-01,3709,3709,2.3633184087355086,9.511470812123683,0.1,0.1410606,0.28120100000000003,0.312274,0.39274000000000003,2.9007708000000036,52.60324240000008,171.7976,0.1682394176327851,11.317255188675675,3.9795550000000004,34.064145999999994,78.52457429999994,2021-01
2021-02,3814,3814,2.611349783691663,10.060061862021593,0.1,0.13841966,0.2817235,0.31015,0.42527725000000005,3.401696900000001,60.637679799999894,113.2792,0.17802831672784478,11.230758113770364,4.1039715,32.875395,77.48837099999999,2021-02
2021-03,3875,3875,2.563035238709677,9.589738784824455,0.1,0.12500050000000001,0.278026,0.30372200000000005,0.45456700000000005,3.335926,54.66634919999994,114.9423,0.17961290322580645,12.094913676073,4.496014,35.74440800000003,81.21827020000002,2021-03
2021-04,3898,3898,2.668398732683427,10.111834858096792,0.1,0.15246294999999999,0.27800949999999996,0.30407449999999997,0.41363625000000004,3.847099900000001,58.612256099999755,129.8548,0.176757311441765,13.467970655791772,4.7602329999999995,41.84635699999999,86.2935796000001,2021-04
2021-05,3898,3898,2.4601098429964083,9.219598330879641,0.1,0.14346097000000002,0.2782975,0.302354,0.40247725,3.406626200000001,54.828947499999536,116.61300000000001,0.17521806054386865,13.479522273459265,4.985566,40.6896,84.74185799999995,2021-05
2021-06,3918,3918,2.6022417588055133,9.657694743239627,0.1,0.15093076,0.28236275,0.319334,0.6266515,4.074992500000002,51.67248229999991,191.7508,0.21260847371107708,12.505621083203884,4.459087,38.922808,77.51197049999999,2021-06
2021-07,3994,3994,2.6666034121181776,9.89025535066988,0.1,0.14495512,0.27967125000000004,0.305291,0.5691265,4.1825764,55.844419800000075,148.5791,0.21131697546319478,13.028154906022584,4.465086,41.60890799999999,79.68305079999996,2021-07
2021-08,3989,3989,2.361755753823013,9.103164118643912,0.1,0.15599144,0.278851,0.305434,0.5350050000000001,3.450505600000009,53.22074959999997,126.8623,0.2035597894209075,12.341790391094651,4.560381,37.82933,78.03175439999997,2021-08
2021-09,4032,4032,2.4259997021329367,9.457475970392426,0.1,0.14878257,0.27629775,0.3004305,0.5307029999999999,3.7525858000000003,47.69437000000004,150.2365,0.20510912698412698,12.584341492694984,4.5913825,38.56664,78.76482,2021-09
2021-10,4053,4053,2.430382581791266,10.374325498850304,0.1,0.16071024,0.27670300000000003,0.30563399999999996,0.576831,3.268973,46.55108800000001,240.7236,0.20626696274364667,12.322502354801184,4.471809,37.06212000000001,75.6398644,2021-10
2021-11,4088,4088,2.245424570450098,9.177939131833092,0.1,0.1642272,0.2771035,0.2995755,0.630571,3.268973,39.37379830000003,148.04649999999998,0.21012720156555773,12.06605237118756,4.377694,36.19207900000001,74.73715280000002,2021-11
2021-12,4091,4091,2.289907214128575,9.5413131230443,0.1,0.1666316,0.27796750000000003,0.299566,0.6581429999999999,3.2689719999999998,42.646453999999814,156.75619999999998,0.2168174040576876,11.75584947989726,4.277225,35.70501900000001,76.2287161,2021-12
2022-01,4174,4174,2.2702795241974125,9.063150460564254,0.1,0.15327606,0.2759005,0.295457,0.9117314999999999,3.353772000000001,41.075281299999716,174.9743,0.23862002874940105,13.727356546829736,5.149335000000001,40.02070199999999,90.75222310000001,2022-01
2022-02,4239,4239,2.1995495107336636,8.48904744056283,0.1,0.19967748000000002,0.27663649999999995,0.295292,1.009082,3.328090400000003,35.87587739999998,184.8406,0.2517103090351498,14.053868005579693,5.231023,41.49081799999996,90.67567959999998,2022-02
2022-03,4305,4305,2.6457159105691055,11.133863858881629,0.1,0.17296412,0.27896000000000004,0.306564,1.166705,4.005686799999998,41.884943200000016,248.6351,0.2738675958188153,13.33351501006741,4.931657,39.83147900000001,89.14369479999992,2022-03
2022-04,4342,4342,2.651518939198526,10.36925738967011,0.1,0.1700646,0.27736900000000003,0.299177,1.27835275,4.5579926,47.15405520000013,239.2208,0.28466144633809304,14.04626325979493,5.2261375,43.429348,88.96465439999999,2022-04
2022-05,4317,4317,2.786289073430623,10.680276621020791,0.1,0.19197524,0.278366,0.302371,1.4237309999999999,4.7847146,46.25374800000006,211.58039999999997,0.300440120454019,15.199902135920258,6.0639520000000005,46.17857900000001,91.9784411,2022-05
2022-06,4304,4304,3.4024320329925652,13.328255606703166,0.1,0.21376109999999998,0.27667200000000003,0.3018205,1.81294825,5.480020500000005,58.313499300000316,248.45139999999998,0.3454925650557621,14.982635239414092,6.098005,43.81235,90.56606,2022-06
2022-07,4299,4299,3.3056368339148636,12.443185742959036,0.1,0.22177642000000003,0.2792765,0.309654,1.6556305,5.673381000000006,58.67226739999988,247.8802,0.322400558269365,14.385628288693526,5.5600815,42.06359000000001,93.01223329999995,2022-07
2022-08,4347,4347,3.3432609677938805,12.955940331069934,0.1,0.20008378,0.27798,0.302917,1.7208085,6.183173200000002,56.29151359999999,248.5431,0.3243616287094548,13.984007503874308,5.3907430000000005,40.505936000000005,92.7742930999999,2022-08
2022-09,4401,4401,3.367838489206999,12.67897549923248,0.1,0.19175399999999998,0.276387,0.30901700000000004,1.8219699999999999,6.302754000000001,59.02134,233.6151,0.3374233128834356,14.544701937018422,5.907821,40.99342400000001,92.41077839999998,2022-09
2022-10,4326,4326,3.309541795191863,13.327220750478945,0.1,0.203838,0.27642,0.3005025,1.7460015,5.992406,60.191922500000004,248.79340000000002,0.31322237632917244,14.178315299440202,5.715972,39.684682,92.90428699999998,2022-10
2022-11,4309,4309,3.4128896423764217,13.393429494372162,0.1,0.19796316,0.27925900000000003,0.314494,1.708757,6.399390200000008,64.14393960000001,248.676,0.32142028312833604,13.814174527390797,5.096019500000001,39.116999,94.31830130000002,2022-11
2022-12,4288,4288,3.7478026210354476,14.193053512615466,0.1,0.20476441999999997,0.27972600000000003,0.3154215,1.8106114999999998,7.220219700000001,67.46688080000006,234.3277,0.32136194029850745,14.755586715269922,5.673668,42.066170000000014,97.7821154,2022-12
2023-01,4146,4146,3.665738516160154,14.63993462621811,0.1,0.19695035,0.28012125,0.31235999999999997,1.4248877500000001,7.017739000000001,65.78883650000012,241.4993,0.2867824409068982,13.4711795654216,4.998757,37.72091600000002,95.0190282,2023-01
2023-02,4225,4225,4.052203476213018,15.2227878467567,0.1,0.2013634,0.277043,0.301893,1.5792270000000002,7.787647999999997,82.18282480000003,243.1432,0.298698224852071,14.66633624041242,5.521918,43.465478000000004,96.19694699999998,2023-02
2023-03,4184,4184,4.751822817160611,16.27553326327671,0.1,0.19955379,0.28156025,0.318718,1.8135445000000001,9.453345900000002,86.32400120000004,219.36010000000002,0.3142925430210325,15.395036420205988,5.806315,46.700796,95.52814560000002,2023-03
2023-04,4041,4041,4.744391473397673,17.92737646286885,0.103921,0.20473979999999997,0.27754199999999996,0.302169,1.501559,8.948544,92.58926799999985,247.2095,0.29200692897797575,14.703125042502482,5.4277809999999995,43.130912000000016,95.25101620000001,2023-04
2023-05,4004,4004,4.870972562937063,18.808222337565553,0.114372,0.20500222,0.2774455,0.30674999999999997,1.39643675,9.281172400000006,96.83585449999987,248.7816,0.2907092907092907,14.43162166029294,5.5160540000000005,41.942732000000035,95.28980020000002,2023-05
2023-06,3974,3974,4.862006017111223,17.754184562079793,0.143831,0.19545815,0.27105324999999997,0.30821200000000004,1.551071,9.319388700000006,98.00393169999997,245.3828,0.30221439355812785,14.425600178615735,5.86481,40.9609,92.16755749999996,2023-06
2023-07,3969,3969,4.557173254724112,16.435573488721104,0.1,0.19347844,0.280207,0.312679,1.409352,9.183061400000001,89.44233120000004,245.6989,0.2892416225749559,14.036792776724706,5.436218,39.72756200000005,94.58404100000001,2023-07
2023-08,3998,3998,5.04653145997999,23.194523012361195,0.1,0.18701846,0.27792700000000004,0.314291,1.30430775,9.492153900000002,91.54822899999996,703.1247,0.2823911955977989,14.315812447956882,5.415156,40.79597400000002,95.34885559999998,2023-08
2023-09,3897,3897,4.093631298178086,16.145726166349352,0.1,0.16575504,0.275718,0.305004,1.0689769999999998,7.946110600000012,82.781728,366.2203,0.25789068514241725,14.427661876551813,5.620203,41.610818,92.66430639999992,2023-09
2023-10,3855,3855,4.191362187029831,18.20883193460755,0.1,0.19275957999999999,0.27953950000000005,0.313437,1.06058,7.909925999999993,83.94348340000002,500.12,0.2570687418936446,14.563645705910037,5.745819,41.8297,95.84249000000007,2023-10
2023-11,3805,3805,3.9952790375821285,17.77741902054021,0.1,0.15972512,0.275834,0.307195,0.968984,7.445738399999995,78.07249000000009,467.78610000000003,0.24651773981603153,14.196265294151091,5.287701,40.736308,95.97925599999999,2023-11
2023-12,3797,3797,4.118701635501712,19.12668572978231,0.1,0.174743,0.276921,0.308735,0.9947370000000001,7.2133734,77.95041879999978,458.8286,0.2494074269159863,13.426188207158312,4.813428999999999,38.63642799999999,97.1126227,2023-12
2024-01,3832,3832,4.362882728079332,18.671509057036033,0.1,0.18898278,0.2785885,0.3062265,1.0473357499999998,7.4863759,89.37237010000001,430.3281,0.25495824634655534,13.400293283568628,4.402654,39.64870799999999,96.1523824,2024-01
2024-02,3814,3814,4.274498057682223,18.676934646422158,0.1,0.16129058999999998,0.2771435,0.3108355,1.048484,7.224647400000012,83.34749059999977,398.0067,0.25616151022548506,13.443102267256497,4.739289,39.315132000000055,94.8046884,2024-02
2024-03,3825,3825,4.421848330980392,21.356832949122843,0.1,0.19528184,0.283778,0.319625,0.95882,7.1494708,87.100434,681.8628,0.24261437908496733,13.699258748057085,5.028716,40.08373000000001,93.47656860000001,2024-03
2024-04,3834,3834,4.815237043296818,26.970634062629493,0.1,0.14626577000000002,0.28162875,0.3167255,0.9400245,7.1274245,92.45923950000001,854.7366999999999,0.2443922796035472,13.998767246561357,4.863723,41.237873,95.13298390000001,2024-04
2024-05,3797,3797,4.323126873321042,18.938103833908514,0.1,0.18649952,0.282351,0.310605,0.8803709999999999,6.94745500000001,89.8912008,353.62420000000003,0.23176191730313406,13.63462535629317,4.918456,39.36685400000002,94.56649759999999,2024-05
2024-06,3800,3800,5.1154482715789475,27.72425492310393,0.1,0.1669694,0.28251225,0.3216615,1.037979,7.421106199999998,96.76682769999998,889.8479,0.2563157894736842,14.11747894239726,5.0955495,41.05066,92.12382800000002,2024-06
2024-07,3773,3773,4.497932626557117,26.256004381878913,0.1,0.17962616,0.28172800000000003,0.313438,0.640502,6.938649600000003,85.18609079999979,954.8457000000001,0.2191889742910151,13.564165039801168,5.047475,39.381264,91.73632359999998,2024-07
2024-08,3774,3774,4.1298893426073136,25.26734441371059,0.1,0.17864787000000001,0.27665875,0.30089299999999997,0.589108,6.133467800000036,82.28597439999997,983.2684,0.20137784843667197,13.861339345726021,5.1265795,40.165193000000016,92.1545967,2024-08
2024-09,3721,3721,3.7983498059661382,22.242552676321424,0.162985,0.24,0.281914,0.312436,0.543967,5.0177510000000005,83.21125200000016,893.2536000000001,0.18086535877452298,13.593069693568934,5.049179,40.16648,93.436386,2024-09
2024-10,3722,3722,3.5747494231595915,20.689163327790496,0.161973,0.24,0.27938474999999996,0.3069965,0.500516,4.898924200000001,80.85528079999996,864.9705000000001,0.17275658248253628,13.461309053851116,4.574996,39.91993,92.85040800000002,2024-10
2024-11,3711,3711,3.4172473042306657,20.65357703022452,0.1,0.1494931,0.27846800000000005,0.30879100000000004,0.5025495,4.493371,73.67076000000034,715.5617000000001,0.17919698194556724,13.180457367809215,4.673083,38.7789,91.712845,2024-11
2024-12,3727,3727,3.9872464091762816,24.682444413962024,0.1,0.15070293999999998,0.27923549999999997,0.311176,0.5324880000000001,4.5510994,76.18161779999974,679.8634,0.18406224845720418,13.255447483555317,4.7535785,39.69075000000002,91.044602,2024-12
2025-01,3724,3724,4.124831645273899,28.139703997933037,0.1,0.14929245,0.276205,0.301867,0.4659380000000001,5.464897500000004,74.8122872,824.8513,0.1723952738990333,13.848889570625838,5.005424,43.01927800000004,92.8175242,2025-01
2025-02,3708,3708,3.590907005124056,26.127848994370865,0.1,0.16954017,0.27693399999999996,0.299657,0.44780325,4.791629500000001,64.91751219999966,856.9668,0.1599244875943905,14.393629472157127,5.563358,43.53362200000001,92.73446059999993,2025-02
2025-03,3664,3664,3.705755322052402,27.286754314678568,0.1,0.18531097,0.27891475,0.30442500000000006,0.49120800000000003,4.180254400000007,67.40597519999969,789.8093,0.1648471615720524,14.742321724711983,5.579204,44.020538000000016,92.9499764,2025-03
2025-04,3615,3615,3.919728773997234,28.639884632489665,0.1,0.1280687,0.274606,0.293082,0.500291,4.493371,72.37852460000025,809.8800000000001,0.17704011065006917,14.809014179903128,5.69305,44.622956,93.14835920000006,2025-04
2025-05,3597,3597,3.6472627075340562,22.77366264790094,0.1,0.1501362,0.27654799999999996,0.303755,0.48139699999999996,4.156957,68.93019799999995,642.6383999999999,0.18015012510425354,14.834867949337786,5.829192000000001,44.94059500000001,92.14686880000001,2025-05
2025-06,3634,3634,4.382317148871766,24.871945203267586,0.1,0.1703113,0.277181,0.3052615,0.66908075,5.330861200000003,86.72879950000028,785.6048999999999,0.21766648321408916,15.469873615355178,6.581427,47.06266800000002,90.0836977,2025-06
2025-07,3660,3660,3.5952300098360657,18.545384289114107,0.1,0.16182588,0.2770215,0.3045325,0.5840265,5.1208703999999985,74.58530059999941,665.8439999999999,0.20273224043715846,14.823496560481399,6.110665,43.89432,91.77308099999999,2025-07
2025-08,3719,3719,4.349854266469481,26.26477274824963,0.1,0.15777804,0.278108,0.305494,0.6276465,5.6180356000000495,77.22779580000037,748.9248,0.21054046786770636,15.400340495700837,6.370038,46.249096,93.60940520000004,2025-08
2025-09,3738,3738,4.371132293204923,28.053607329593213,0.1,0.15858625,0.28213975,0.315179,0.66364775,5.285989400000007,78.36809420000026,858.8359,0.21161048689138576,15.681266472564927,6.892167,47.19633799999999,91.69355839999996,2025-09
2025-10,3772,3772,4.125362051696713,27.59821288020302,0.1,0.16265295,0.290689,0.3216585,0.603566,5.003743800000002,69.80830299999982,887.1444,0.20625662778366913,15.185586155856765,6.6847665,44.48001999999999,91.4967081,2025-10
2025-11,3764,3764,3.529726046493092,23.291662339384406,0.1,0.16123184000000002,0.2890955,0.32218199999999997,0.6229335,4.9505751,56.238778299999915,824.9656,0.2043039319872476,15.575672765352113,7.169252,45.49009800000001,91.0551354,2025-11
2025-12,3739,3739,3.406331672104841,23.61494001826837,0.1,0.15940532000000002,0.2897075,0.32603699999999997,0.5579355,3.9970506000000117,63.09774899999964,658.6841,0.1973789783364536,15.549893180286249,6.928065,46.747407000000024,92.06657150000004,2025-12
