period,rows,indicativefee_nonmissing,dcbs_nonmissing,saf_nonmissing,sar_nonmissing,utilisation_nonmissing,activeutilisation_nonmissing,cusip_nonmissing,cusip8_nonmissing,cusip9_nonmissing,indicativefee_coverage,dcbs_coverage,saf_coverage,sar_coverage,utilisation_coverage,activeutilisation_coverage
2002,24664,7523,7523,0,0,23621,23621,21960.0,21960.0,21960.0,0.30501946156341225,0.30501946156341225,0.0,0.0,0.9577116445021083,0.9577116445021083
2003,61006,41824,41824,0,0,51336,51336,55727.0,55727.0,55727.0,0.6855719109595777,0.6855719109595777,0.0,0.0,0.8414910008851588,0.8414910008851588
2004,177912,132707,132707,0,0,155538,155538,165257.0,165257.0,165257.0,0.7459137101488377,0.7459137101488377,0.0,0.0,0.8742411978955889,0.8742411978955889
2005,366689,272382,272382,0,0,339089,339089,348549.0,348549.0,348549.0,0.7428147558285086,0.7428147558285086,0.0,0.0,0.9247318572414226,0.9247318572414226
2006,1356638,914902,914902,19323,19323,1297391,1297391,1267129.0,1267129.0,1267129.0,0.6743891885676209,0.6743891885676209,0.014243298507044621,0.014243298507044621,0.956328069831451,0.956328069831451
2007,2532907,1735154,1735154,127535,128304,2380425,2380425,2421954.0,2421954.0,2421954.0,0.6850444963040491,0.6850444963040491,0.050351236741025235,0.05065484046591525,0.9397996057494412,0.9397996057494412
2008,2434913,1731946,1731946,388434,389317,2238062,2238062,2354135.0,2354135.0,2354135.0,0.7112968717978836,0.7112968717978836,0.1595268496246067,0.15988949091815602,0.9191548116914239,0.9191548116914239
2009,2034813,1470118,1470118,318885,275920,1938823,1938823,1991513.0,1991513.0,1991513.0,0.7224830979554386,0.7224830979554386,0.15671464650560027,0.13559968409873535,0.9528261319344824,0.9528261319344824
2010,1754735,1322395,1322395,627626,619974,1754125,1754125,1726939.0,1726939.0,1726939.0,0.7536152182523287,0.7536152182523287,0.357675660427358,0.3533148880030318,0.9996523691611554,0.9996523691611554
2011,2070608,1547000,1547000,752044,750790,1935215,1935215,2031641.0,2031641.0,2031641.0,0.7471235501842937,0.7471235501842937,0.3631996012765333,0.362593982057444,0.9346119593858422,0.9346119593858422
2012,2166870,1548559,1548559,745742,744327,2015542,2015542,2121870.0,2121870.0,2121870.0,0.7146524710757913,0.7146524710757913,0.34415631763788324,0.34350330199781254,0.9301628616391385,0.9301628616391385
2013,2135934,1559509,1559509,667499,653851,2017633,2017633,2091171.0,2091171.0,2091171.0,0.7301297699273479,0.7301297699273479,0.31250918801798183,0.30611947747449125,0.9446139253366443,0.9446139253366443
2014,2147291,1542945,1542945,744368,735007,1988311,1988311,2132734.0,2132734.0,2132734.0,0.7185542155208586,0.7185542155208586,0.34665445903699127,0.34229501264616674,0.9259625267371772,0.9259625267371772
2015,2012853,1520504,1520504,827800,826209,1791966,1791966,2007078.0,2007078.0,2007078.0,0.7553974383623643,0.7553974383623643,0.4112570565262342,0.4104666361627004,0.8902617329730487,0.8902617329730487
2016,2023564,1549474,1549474,1116052,1118001,1839763,1839763,2018417.0,2018323.0,2018276.0,0.7657153418424127,0.7657153418424127,0.5515278983022034,0.5524910504436726,0.9091696630301784,0.9091696630301784
2017,1982508,1551456,1551456,913121,912664,1810993,1810993,1978293.0,1977819.0,1977630.0,0.7825723780181467,0.7825723780181467,0.4605888097298977,0.46035829363614167,0.9134858472197842,0.9134858472197842
2018,2068641,1595672,1595672,927733,927346,1902281,1902281,2064735.0,2064474.0,2064474.0,0.7713624548677127,0.7713624548677127,0.44847462657851217,0.44828754723511716,0.9195800527979481,0.9195800527979481
2019,2602105,1686875,1686875,1077710,1077096,2459135,2459135,2598622.0,2598230.0,2598230.0,0.6482732249467258,0.6482732249467258,0.414168528940992,0.41393256613395696,0.9450560219514585,0.9450560219514585
2020,2850031,1683739,1683739,1320415,1320288,2707345,2707345,2846417.0,2846022.0,2846021.0,0.5907791880158496,0.5907791880158496,0.46329846938506986,0.4632539084662588,0.949935281405711,0.949935281405711
2021,3033225,1917671,1917671,1473175,1473200,2848335,2848335,3029943.0,3029682.0,3029682.0,0.6322218101195922,0.6322218101195922,0.4856794336061453,0.48568767565874604,0.9390450757856736,0.9390450757856736
2022,2880441,1976883,1976883,1687863,1688010,2616757,2616757,2877568.0,2877317.0,2877317.0,0.686312616713899,0.686312616713899,0.5859738144263327,0.5860248482784407,0.9084570730662422,0.9084570730662422
2023,2653727,1875491,1875491,1618755,1619363,2401863,2401863,2650696.0,2650696.0,2650696.0,0.7067384851569133,0.7067384851569133,0.6099930399773601,0.6102221517134204,0.905090463337035,0.905090463337035
2024,2929130,1868267,1868267,1578960,1579277,2750513,2750513,2925479.0,2925479.0,2925479.0,0.6378231761649363,0.6378231761649363,0.5390542584316845,0.5391624816925162,0.9390204600000682,0.9390204600000682
2025,3577935,1943992,1943992,1611047,1611098,3447774,3447774,3574954.0,3574954.0,3574954.0,0.5433279251858963,0.5433279251858963,0.4502728529165566,0.4502871069485611,0.9636211949071182,0.9636211949071182
2026,2164043,1158052,1158052,1242792,1242598,2072692,2072692,2161911.0,2161911.0,2161911.0,0.535133544019227,0.535133544019227,0.574291730802022,0.5742020837848416,0.9577868831626728,0.9577868831626728
2002-05,1243,525,525,0,0,1019,1019,,,,0.4223652453740949,0.4223652453740949,0.0,0.0,0.8197908286403862,0.8197908286403862
2002-06,3270,666,666,0,0,3157,3157,,,,0.2036697247706422,0.2036697247706422,0.0,0.0,0.9654434250764526,0.9654434250764526
2002-07,3245,656,656,0,0,3133,3133,,,,0.20215716486902927,0.20215716486902927,0.0,0.0,0.9654853620955316,0.9654853620955316
2002-08,3459,1247,1247,0,0,3281,3281,,,,0.3605088175773345,0.3605088175773345,0.0,0.0,0.9485400404741254,0.9485400404741254
2002-09,3428,1298,1298,0,0,3279,3279,,,,0.37864644107351225,0.37864644107351225,0.0,0.0,0.956534422403734,0.956534422403734
2002-10,3315,1008,1008,0,0,3227,3227,,,,0.3040723981900452,0.3040723981900452,0.0,0.0,0.9734539969834087,0.9734539969834087
2002-11,3304,1011,1011,0,0,3215,3215,,,,0.30599273607748184,0.30599273607748184,0.0,0.0,0.9730629539951574,0.9730629539951574
2002-12,3400,1112,1112,0,0,3310,3310,,,,0.3270588235294118,0.3270588235294118,0.0,0.0,0.9735294117647059,0.9735294117647059
2003-01,3339,1092,1092,0,0,3254,3254,,,,0.3270440251572327,0.3270440251572327,0.0,0.0,0.9745432764300689,0.9745432764300689
2003-02,3394,2137,2137,0,0,3199,3199,,,,0.6296405421331762,0.6296405421331762,0.0,0.0,0.9425456688273424,0.9425456688273424
2003-03,4960,3075,3075,0,0,4555,4555,,,,0.6199596774193549,0.6199596774193549,0.0,0.0,0.9183467741935484,0.9183467741935484
2003-04,5277,3610,3610,0,0,4474,4474,,,,0.6841008148569263,0.6841008148569263,0.0,0.0,0.8478302065567558,0.8478302065567558
2003-05,5186,3564,3564,0,0,4500,4500,,,,0.6872348630929426,0.6872348630929426,0.0,0.0,0.8677207867335133,0.8677207867335133
2003-06,5448,4022,4022,0,0,4285,4285,,,,0.7382525697503671,0.7382525697503671,0.0,0.0,0.7865271659324523,0.7865271659324523
2003-07,5533,4074,4074,0,0,4386,4386,,,,0.7363094162298933,0.7363094162298933,0.0,0.0,0.7926983553226098,0.7926983553226098
2003-08,5181,3487,3487,0,0,3801,3801,,,,0.673036093418259,0.673036093418259,0.0,0.0,0.7336421540243196,0.7336421540243196
2003-09,5527,3866,3866,0,0,4438,4438,,,,0.6994753030577167,0.6994753030577167,0.0,0.0,0.8029672516736023,0.8029672516736023
2003-10,5615,4322,4322,0,0,4648,4648,,,,0.7697239536954585,0.7697239536954585,0.0,0.0,0.8277827248441674,0.8277827248441674
2003-11,5858,4475,4475,0,0,4851,4851,,,,0.7639125981563674,0.7639125981563674,0.0,0.0,0.8280983270740867,0.8280983270740867
2003-12,5688,4100,4100,0,0,4945,4945,,,,0.7208157524613221,0.7208157524613221,0.0,0.0,0.8693741209563994,0.8693741209563994
2004-01,6293,4897,4897,0,0,5113,5113,,,,0.7781662164309551,0.7781662164309551,0.0,0.0,0.8124900683298903,0.8124900683298903
2004-02,6062,4562,4562,0,0,5090,5090,,,,0.7525569119102606,0.7525569119102606,0.0,0.0,0.8396568789178489,0.8396568789178489
2004-03,6256,4630,4630,0,0,5449,5449,,,,0.7400895140664961,0.7400895140664961,0.0,0.0,0.8710038363171355,0.8710038363171355
2004-04,6019,4678,4678,0,0,5140,5140,,,,0.777205515866423,0.777205515866423,0.0,0.0,0.8539624522345904,0.8539624522345904
2004-05,6083,4631,4631,0,0,5251,5251,,,,0.7613019891500904,0.7613019891500904,0.0,0.0,0.8632253822127239,0.8632253822127239
2004-06,6464,4609,4609,0,0,5943,5943,,,,0.7130259900990099,0.7130259900990099,0.0,0.0,0.9193997524752475,0.9193997524752475
2004-07,6120,4621,4621,0,0,5406,5406,,,,0.7550653594771242,0.7550653594771242,0.0,0.0,0.8833333333333333,0.8833333333333333
2004-08,23924,17902,17902,0,0,20992,20992,,,,0.7482862397592376,0.7482862397592376,0.0,0.0,0.8774452432703561,0.8774452432703561
2004-09,30015,22037,22037,0,0,26676,26676,,,,0.7341995668832251,0.7341995668832251,0.0,0.0,0.8887556221889056,0.8887556221889056
2004-10,24159,17774,17774,0,0,21353,21353,,,,0.7357092594892173,0.7357092594892173,0.0,0.0,0.8838528084771721,0.8838528084771721
2004-11,24871,18732,18732,0,0,21535,21535,,,,0.7531663383056572,0.7531663383056572,0.0,0.0,0.8658678782517791,0.8658678782517791
2004-12,31646,23634,23634,0,0,27590,27590,,,,0.7468242431902926,0.7468242431902926,0.0,0.0,0.8718321430828541,0.8718321430828541
2005-01,25875,19691,19691,0,0,22538,22538,,,,0.7610048309178744,0.7610048309178744,0.0,0.0,0.8710338164251208,0.8710338164251208
2005-02,26092,19780,19780,0,0,23091,23091,,,,0.7580867698911544,0.7580867698911544,0.0,0.0,0.884983903112065,0.884983903112065
2005-03,32997,24804,24804,0,0,29698,29698,,,,0.7517047004273115,0.7517047004273115,0.0,0.0,0.9000212140497621,0.9000212140497621
2005-04,26288,20225,20225,0,0,24059,24059,,,,0.7693624467437614,0.7693624467437614,0.0,0.0,0.9152084601339014,0.9152084601339014
2005-05,26854,20791,20791,0,0,24471,24471,,,,0.7742235793550309,0.7742235793550309,0.0,0.0,0.9112608922320697,0.9112608922320697
2005-06,34955,26844,26844,0,0,31942,31942,,,,0.7679588041767987,0.7679588041767987,0.0,0.0,0.9138034615934774,0.9138034615934774
2005-07,29213,22171,22171,0,0,27095,27095,,,,0.7589429363639476,0.7589429363639476,0.0,0.0,0.9274980316982165,0.9274980316982165
2005-08,38546,27946,27946,0,0,36127,36127,,,,0.7250038914543662,0.7250038914543662,0.0,0.0,0.9372438125875577,0.9372438125875577
2005-09,30136,22049,22049,0,0,28324,28324,,,,0.7316498539952216,0.7316498539952216,0.0,0.0,0.9398725776479957,0.9398725776479957
2005-10,29759,21400,21400,0,0,28289,28289,,,,0.719110185154071,0.719110185154071,0.0,0.0,0.9506031788702577,0.9506031788702577
2005-11,36681,25919,25919,0,0,35277,35277,,,,0.7066055996292359,0.7066055996292359,0.0,0.0,0.9617240533246094,0.9617240533246094
2005-12,29293,20762,20762,0,0,28178,28178,,,,0.708770013313761,0.708770013313761,0.0,0.0,0.9619362987744512,0.9619362987744512
2006-01,29673,21277,21277,0,0,28478,28478,,,,0.7170491692784686,0.7170491692784686,0.0,0.0,0.9597276985812018,0.9597276985812018
2006-02,31720,22193,22193,0,0,30418,30418,,,,0.6996532156368221,0.6996532156368221,0.0,0.0,0.958953341740227,0.958953341740227
2006-03,43219,29350,29350,0,0,41497,41497,,,,0.6790994701404475,0.6790994701404475,0.0,0.0,0.9601564126888636,0.9601564126888636
2006-04,36830,23621,23621,0,0,35267,35267,,,,0.641352158566386,0.641352158566386,0.0,0.0,0.9575617702959544,0.9575617702959544
2006-05,48789,31242,31242,0,0,46883,46883,,,,0.6403492590542951,0.6403492590542951,0.0,0.0,0.960933817048925,0.960933817048925
2006-06,38833,24789,24789,0,0,37203,37203,,,,0.6383488270285582,0.6383488270285582,0.0,0.0,0.9580253907758864,0.9580253907758864
2006-07,197073,129711,129711,0,0,188578,188578,,,,0.6581875751625033,0.6581875751625033,0.0,0.0,0.9568941458241362,0.9568941458241362
2006-08,200753,136730,136730,0,0,191319,191319,,,,0.681085712293216,0.681085712293216,0.0,0.0,0.9530069289126439,0.9530069289126439
2006-09,175990,121239,121239,0,0,167811,167811,,,,0.6888970964259333,0.6888970964259333,0.0,0.0,0.9535257685095744,0.9535257685095744
2006-10,185015,126438,126438,0,0,177048,177048,,,,0.6833932383860768,0.6833932383860768,0.0,0.0,0.9569386265978435,0.9569386265978435
2006-11,187145,126972,126972,4295,4295,179071,179071,,,,0.6784685671538112,0.6784685671538112,0.022950118891768415,0.022950118891768415,0.9568569825536348,0.9568569825536348
2006-12,181598,121340,121340,15028,15028,173818,173818,,,,0.6681791649687772,0.6681791649687772,0.08275421535479466,0.08275421535479466,0.957158118481481,0.957158118481481
2007-01,225990,145771,145771,0,0,216365,216365,,,,0.6450329660604451,0.6450329660604451,0.0,0.0,0.9574096198946856,0.9574096198946856
2007-02,202342,133668,133668,0,0,192631,192631,,,,0.6606043233732987,0.6606043233732987,0.0,0.0,0.9520069980528016,0.9520069980528016
2007-03,222453,146284,146284,0,0,211931,211931,,,,0.6575950875016295,0.6575950875016295,0.0,0.0,0.95270012092442,0.95270012092442
2007-04,212170,140581,140581,214,213,201584,201584,,,,0.6625866050808314,0.6625866050808314,0.0010086251590705566,0.0010039119573926568,0.9501060470377527,0.9501060470377527
2007-05,225263,152548,152548,7443,7425,213907,213907,,,,0.6771995400931355,0.6771995400931355,0.03304137830003152,0.032961471701966144,0.9495878151316461,0.9495878151316461
2007-06,198797,138372,138372,12174,12160,188136,188136,,,,0.6960467210269773,0.6960467210269773,0.06123834866723341,0.06116792506929179,0.9463724301674572,0.9463724301674572
2007-07,206889,145680,145680,15328,15322,194715,194715,,,,0.7041457013180981,0.7041457013180981,0.07408803754670379,0.07405903648816516,0.9411568522251063,0.9411568522251063
2007-08,215963,152015,152015,15101,15674,202366,202366,,,,0.7038937225358047,0.7038937225358047,0.0699240147617879,0.07257724702842616,0.9370401411352871,0.9370401411352871
2007-09,185756,132302,132302,12864,12861,172447,172447,,,,0.7122354055858222,0.7122354055858222,0.06925213721225694,0.06923598699369064,0.9283522470337432,0.9283522470337432
2007-10,216155,153010,153010,12448,12440,200427,200427,,,,0.7078716661654831,0.7078716661654831,0.057588304688765,0.05755129421017326,0.9272373990886169,0.9272373990886169
2007-11,213899,149038,149038,23019,23016,196802,196802,,,,0.696768100832636,0.696768100832636,0.10761621138948756,0.10760218607847628,0.9200697525467627,0.9200697525467627
2007-12,207230,145885,145885,28944,29193,189114,189114,,,,0.7039762582637649,0.7039762582637649,0.13967089707088742,0.14087246055107852,0.9125802248709164,0.9125802248709164
2008-01,225367,158183,158183,36107,36098,206937,206937,,,,0.7018906938460377,0.7018906938460377,0.1602142283475398,0.16017429348573659,0.9182222774407965,0.9182222774407965
2008-02,204360,145405,145405,34555,34551,186782,186782,,,,0.7115139949109415,0.7115139949109415,0.16908886279115287,0.16906928948913683,0.9139851242904679,0.9139851242904679
2008-03,203482,144051,144051,33740,33722,186441,186441,,,,0.7079299397489704,0.7079299397489704,0.16581319232167957,0.16572473240876343,0.916253034666457,0.916253034666457
2008-04,211358,148978,148978,37173,37449,194539,194539,,,,0.7048609468295499,0.7048609468295499,0.1758769481164659,0.17718278939051277,0.9204241145355274,0.9204241145355274
2008-05,207409,145987,145987,35603,35818,192420,192420,,,,0.7038604882141084,0.7038604882141084,0.1716560033556885,0.17269260253894478,0.9277321620566128,0.9277321620566128
2008-06,196256,138818,138818,31634,31378,181411,181411,,,,0.7073312408283059,0.7073312408283059,0.16118742866460134,0.15988300994619273,0.924359000489157,0.924359000489157
2008-07,212662,151681,151681,32465,32318,194709,194709,,,,0.7132491935559715,0.7132491935559715,0.1526600897198371,0.15196885198107796,0.9155796522180738,0.9155796522180738
2008-08,195092,137481,137481,27864,27996,180073,180073,,,,0.7046982961884649,0.7046982961884649,0.14282492362577656,0.14350152748446887,0.9230158079265167,0.9230158079265167
2008-09,202954,141814,141814,29949,29779,188406,188406,,,,0.6987494703233245,0.6987494703233245,0.14756545818264238,0.14672782995161465,0.9283187323235808,0.9283187323235808
2008-10,204184,148890,148890,31234,31294,185823,185823,,,,0.729195235669788,0.729195235669788,0.15296987031305098,0.15326372291658505,0.9100762057751832,0.9100762057751832
2008-11,174324,128177,128177,27429,28051,159042,159042,,,,0.7352802826919989,0.7352802826919989,0.15734494389757003,0.1609130125513412,0.9123356508570248,0.9123356508570248
2008-12,197465,142481,142481,30681,30863,181479,181479,,,,0.7215506545463753,0.7215506545463753,0.15537437014154407,0.15629605246499378,0.9190438811941357,0.9190438811941357
2009-01,187609,135630,135630,25183,24111,171573,171573,,,,0.7229397310363576,0.7229397310363576,0.134231300204148,0.12851728861621778,0.914524356507417,0.914524356507417
2009-02,166685,118026,118026,22569,20273,154538,154538,,,,0.7080781114077451,0.7080781114077451,0.1353991060983292,0.12162462129165792,0.9271260161382248,0.9271260161382248
2009-03,180472,126484,126484,23619,19759,169111,169111,,,,0.70085110155592,0.70085110155592,0.13087348729996898,0.10948512788687442,0.937048406400993,0.937048406400993
2009-04,180248,129381,129381,23686,18833,168736,168736,,,,0.7177943721983046,0.7177943721983046,0.13140783808974302,0.10448382228929032,0.9361324397496782,0.9361324397496782
2009-05,172688,121796,121796,23418,18037,161523,161523,,,,0.7052950986750671,0.7052950986750671,0.13560872787918096,0.10444848512925044,0.9353458259983323,0.9353458259983323
2009-06,178868,127013,127013,23964,21093,167366,167366,,,,0.7100934767538073,0.7100934767538073,0.133975892837176,0.11792495024263702,0.9356955967529128,0.9356955967529128
2009-07,183645,133910,133910,24437,19882,171270,171270,,,,0.7291785782351821,0.7291785782351821,0.13306651419858967,0.10826322524435732,0.9326145552560647,0.9326145552560647
2009-08,163532,120484,120484,22075,17757,153640,153640,,,,0.7367610009050216,0.7367610009050216,0.13498887067974463,0.10858425262333977,0.939510309908764,0.939510309908764
2009-09,156518,115476,115476,24779,21823,156518,156518,,,,0.7377809581006657,0.7377809581006657,0.1583140597247601,0.13942805300348843,1.0,1.0
2009-10,155950,114899,114899,30279,26771,155950,155950,,,,0.7367681949342738,0.7367681949342738,0.19415838409746713,0.1716639948701507,1.0,1.0
2009-11,147061,109129,109129,29828,25908,147061,147061,,,,0.7420662174199821,0.7420662174199821,0.20282739815450732,0.17617179265746866,1.0,1.0
2009-12,161537,117890,117890,45048,41673,161537,161537,,,,0.7298018410642763,0.7298018410642763,0.2788710945479983,0.2579780483728186,1.0,1.0
2010-01,146242,106927,106927,49104,47469,146242,146242,,,,0.7311647816632705,0.7311647816632705,0.33577221318089195,0.324592114440448,1.0,1.0
2010-02,138590,102232,102232,48090,47384,138590,138590,,,,0.737657839670972,0.737657839670972,0.34699473266469444,0.34190057002669744,1.0,1.0
2010-03,158123,117966,117966,53287,52554,158123,158123,,,,0.7460394755981103,0.7460394755981103,0.33699714779001155,0.3323615160349854,1.0,1.0
2010-04,150056,113064,113064,53023,51752,150056,150056,,,,0.7534787012848536,0.7534787012848536,0.3533547475609106,0.3448845764248014,1.0,1.0
2010-05,144580,106875,106875,51682,51165,143970,143970,,,,0.7392101258818647,0.7392101258818647,0.3574629962650436,0.35388712131691796,0.9957808825563702,0.9957808825563702
2010-06,147967,110703,110703,54279,53608,147967,147967,,,,0.7481600627166868,0.7481600627166868,0.36683179357559453,0.3622969986551055,1.0,1.0
2010-07,147778,110168,110168,54777,54142,147778,147778,,,,0.7454966233133484,0.7454966233133484,0.3706708711716223,0.3663738851520524,1.0,1.0
2010-08,150310,109861,109861,53723,53106,150310,150310,,,,0.7308961479608809,0.7308961479608809,0.35741467633557317,0.3533098263588584,1.0,1.0
2010-09,144355,110449,110449,53287,53010,144355,144355,,,,0.7651207093623359,0.7651207093623359,0.3691385819680648,0.3672197014305012,1.0,1.0
2010-10,136208,105437,105437,49236,49108,136208,136208,,,,0.7740881592857982,0.7740881592857982,0.36147656525314226,0.36053682603077647,1.0,1.0
2010-11,142357,112147,112147,52500,52236,142357,142357,,,,0.787787042435567,0.787787042435567,0.3687911377733445,0.3669366451948271,1.0,1.0
2010-12,148169,116566,116566,54638,54440,148169,148169,,,,0.7867097705997881,0.7867097705997881,0.368754597790361,0.3674182858762629,1.0,1.0
2011-01,135286,107848,107848,48288,48060,133253,133253,,,,0.7971852224176929,0.7971852224176929,0.3569327203110447,0.3552474018006298,0.9849725766154664,0.9849725766154664
2011-02,126403,100644,100644,48302,48200,126403,126403,,,,0.79621527970064,0.79621527970064,0.3821270064792766,0.3813200636060853,1.0,1.0
2011-03,162156,131763,131763,68614,68557,145753,145753,,,,0.8125693776363502,0.8125693776363502,0.423135745825008,0.4227842324675004,0.8988443227509312,0.8988443227509312
2011-04,176467,129329,129329,66078,66031,163388,163388,,,,0.732879235211116,0.732879235211116,0.3744496138088141,0.3741832750599262,0.9258841596445795,0.9258841596445795
2011-05,180782,132141,132141,67348,67297,170929,170929,,,,0.7309411335199301,0.7309411335199301,0.37253708886946707,0.3722549811375026,0.9454978924892965,0.9454978924892965
2011-06,188421,137577,137577,67334,67280,173425,173425,,,,0.730157466524432,0.730157466524432,0.35735931769813345,0.3570727254393088,0.9204122682715833,0.9204122682715833
2011-07,179356,130019,130019,59175,58996,166152,166152,,,,0.7249213854011017,0.7249213854011017,0.3299304177167198,0.3289324025959544,0.9263810522090145,0.9263810522090145
2011-08,196107,143363,143363,70408,70271,182017,182017,,,,0.731044786774567,0.731044786774567,0.3590284895490727,0.3583298913348325,0.9281514683310642,0.9281514683310642
2011-09,185165,136871,136871,66820,66718,171358,171358,,,,0.7391839710528447,0.7391839710528447,0.3608673345394648,0.36031647449572,0.9254340723138822,0.9254340723138822
2011-10,176619,130357,130357,61855,61767,163073,163073,,,,0.7380689506791455,0.7380689506791455,0.3502171340569248,0.3497188864165237,0.9233038348082596,0.9233038348082596
2011-11,183819,136596,136596,64554,64458,169402,169402,,,,0.7431005499975519,0.7431005499975519,0.35118241313465964,0.35066016026634894,0.9215695874746354,0.9215695874746354
2011-12,180027,130492,130492,63268,63155,170062,170062,,,,0.7248468285312759,0.7248468285312759,0.3514361734628695,0.35080848983763546,0.9446471918101174,0.9446471918101174
2012-01,179949,127923,127923,62767,62631,165647,165647,,,,0.7108847506793592,0.7108847506793592,0.3488043834642037,0.3480486137739026,0.9205219256567139,0.9205219256567139
2012-02,172620,123788,123788,60341,60281,158686,158686,,,,0.7171127331711273,0.7171127331711273,0.34955972656702583,0.3492121422778357,0.9192793419070792,0.9192793419070792
2012-03,181345,129539,129539,64788,64696,166744,166744,,,,0.7143235269789627,0.7143235269789627,0.357263778984808,0.3567564586837244,0.9194849596073782,0.9194849596073782
2012-04,174046,122912,122912,61915,61832,160419,160419,,,,0.706204106960229,0.706204106960229,0.3557392873148478,0.35526240189375224,0.92170460682808,0.92170460682808
2012-05,190943,135133,135133,69450,69290,175696,175696,,,,0.7077138203547656,0.7077138203547656,0.3637211104884704,0.36288316408561716,0.9201489449731072,0.9201489449731072
2012-06,171806,121874,121874,64368,64325,158079,158079,,,,0.7093698706680791,0.7093698706680791,0.3746551342793616,0.37440485198421475,0.9201017426632364,0.9201017426632364
2012-07,180273,127072,127072,66197,66186,165832,165832,,,,0.7048864777309969,0.7048864777309969,0.36720418476421873,0.36714316619793314,0.9198937167518153,0.9198937167518153
2012-08,188508,133904,133904,68502,68441,174745,174745,,,,0.7103359008636239,0.7103359008636239,0.3633904131389649,0.3630668194453286,0.9269898359751311,0.9269898359751311
2012-09,168630,122054,122054,59472,59410,160116,160116,,,,0.7237976635236909,0.7237976635236909,0.3526774595267746,0.352309790665955,0.9495107632093933,0.9495107632093933
2012-10,195176,141279,141279,61021,60847,185427,185427,,,,0.7238543673402468,0.7238543673402468,0.3126460220518916,0.3117545189982375,0.9500502110915277,0.9500502110915277
2012-11,186523,135428,135428,56525,56260,176633,176633,,,,0.7260659543327096,0.7260659543327096,0.30304573698685955,0.3016250006701586,0.9469770484068989,0.9469770484068989
2012-12,177051,127653,127653,50396,50128,167518,167518,,,,0.7209956453225342,0.7209956453225342,0.2846411485956024,0.2831274604492491,0.9461567570925892,0.9461567570925892
2013-01,193079,139020,139020,55714,55472,183519,183519,,,,0.7200161591887259,0.7200161591887259,0.28855546175399704,0.2873020887823119,0.9504865883912803,0.9504865883912803
2013-02,168188,121768,121768,48187,47807,159390,159390,,,,0.7239993340785311,0.7239993340785311,0.28650676623778154,0.28424738982567127,0.9476894903322473,0.9476894903322473
2013-03,174906,126521,126521,50549,49331,165464,165464,,,,0.7233656935725475,0.7233656935725475,0.2890066664379724,0.2820429259144912,0.9460167175511418,0.9460167175511418
2013-04,183350,131986,131986,53302,52163,173456,173456,,,,0.7198581947095719,0.7198581947095719,0.29071175347695666,0.28449959094627764,0.9460376329424598,0.9460376329424598
2013-05,190095,135584,135584,59138,57612,179467,179467,,,,0.7132433783108446,0.7132433783108446,0.31109708303742867,0.30306951787264264,0.9440911123385676,0.9440911123385676
2013-06,159650,118277,118277,51600,50084,149965,149965,,,,0.7408518634512997,0.7408518634512997,0.32320701534606955,0.31371124334481676,0.939336047604134,0.939336047604134
2013-07,184049,135480,135480,60196,58613,174310,174310,,,,0.7361083189802715,0.7361083189802715,0.32706507506153254,0.3184641046677787,0.9470847437367222,0.9470847437367222
2013-08,175108,130910,130910,59025,57760,165770,165770,,,,0.7475957694679854,0.7475957694679854,0.3370776891975238,0.3298535760787628,0.9466729104324189,0.9466729104324189
2013-09,168279,126627,126627,56001,55119,158778,158778,,,,0.7524824844454745,0.7524824844454745,0.3327866222166759,0.3275453265113294,0.9435401921808425,0.9435401921808425
2013-10,187611,139281,139281,60078,58507,176579,176579,,,,0.7423925036378464,0.7423925036378464,0.32022642595583417,0.31185271652515045,0.9411974777598329,0.9411974777598329
2013-11,172089,124295,124295,55414,54216,161722,161722,,,,0.7222716152688434,0.7222716152688434,0.3220077982904195,0.3150462841901574,0.9397579159620894,0.9397579159620894
2013-12,179530,129760,129760,58295,57167,169213,169213,,,,0.7227761376928648,0.7227761376928648,0.324708962290425,0.31842588982342784,0.9425332813457361,0.9425332813457361
2014-01,188119,137896,137896,63188,62368,177179,177179,,,,0.7330253722377856,0.7330253722377856,0.33589376936938853,0.3315348263599105,0.9418453213125734,0.9418453213125734
2014-02,165489,122127,122127,56555,55821,155192,155192,,,,0.737976542247521,0.737976542247521,0.3417447685344645,0.33730942842122436,0.9377783417628967,0.9377783417628967
2014-03,176404,130798,130798,60004,59148,165506,165506,,,,0.741468447427496,0.741468447427496,0.34015101698374184,0.3352985193079522,0.938221355524818,0.938221355524818
2014-04,185710,136352,136352,62142,60981,175107,175107,,,,0.7342200204620106,0.7342200204620106,0.33461849119595066,0.3283668084648107,0.9429056055139734,0.9429056055139734
2014-05,185298,135923,135923,60975,60060,174232,174232,,,,0.7335373290591372,0.7335373290591372,0.3290645338859567,0.32412654211054626,0.9402799814353097,0.9402799814353097
2014-06,175625,128915,128915,57934,56896,164564,164564,,,,0.7340355871886121,0.7340355871886121,0.32987330960854094,0.32396298932384343,0.9370192170818505,0.9370192170818505
2014-07,187117,135528,135528,64673,63836,170872,170872,,,,0.7242954942629478,0.7242954942629478,0.34562867083161875,0.3411555337035117,0.9131826611157725,0.9131826611157725
2014-08,170675,118628,118628,61519,60896,155911,155911,,,,0.6950519994140911,0.6950519994140911,0.36044529075728726,0.3567950783653142,0.9134964113080416,0.9134964113080416
2014-09,179447,124049,124049,63954,63440,163736,163736,,,,0.691284891917948,0.691284891917948,0.3563949244066493,0.3535305689144984,0.9124476865035359,0.9124476865035359
2014-10,186335,130077,130077,68740,68120,169755,169755,,,,0.6980814125097271,0.6980814125097271,0.3689054659618429,0.36557812541927176,0.9110204738776934,0.9110204738776934
2014-11,161410,112827,112827,58809,58269,147023,147023,,,,0.6990087355182455,0.6990087355182455,0.36434545567189147,0.3609999380459699,0.9108667368812341,0.9108667368812341
2014-12,185662,129825,129825,65875,65172,169234,169234,,,,0.6992545593605585,0.6992545593605585,0.35481143152610656,0.3510249808792322,0.9115166269888292,0.9115166269888292
2015-01,178399,124881,124881,64276,63757,162438,162438,,,,0.7000095292013969,0.7000095292013969,0.3602934994030236,0.35738429027068536,0.9105320097085746,0.9105320097085746
2015-02,162808,114763,114763,61827,61345,146827,146827,,,,0.7048977937202103,0.7048977937202103,0.37975406613925605,0.37679352365977103,0.9018414328534224,0.9018414328534224
2015-03,165302,122495,122495,69130,68683,139822,139822,,,,0.7410376159998064,0.7410376159998064,0.41820425645182757,0.41550011494113803,0.8458578843571161,0.8458578843571161
2015-04,163110,121279,121279,69577,69153,137630,137630,,,,0.7435411685365704,0.7435411685365704,0.426564894856232,0.42396542210778004,0.8437864018147263,0.8437864018147263
2015-05,154589,116652,116652,66285,65910,130334,130334,,,,0.7545944407428731,0.7545944407428731,0.4287821255069895,0.4263563384199393,0.8431000912095945,0.8431000912095945
2015-06,167005,128870,128870,68387,67934,147825,147825,,,,0.7716535433070866,0.7716535433070866,0.40949073381036494,0.4067782401724499,0.885153139127571,0.885153139127571
2015-07,176534,137100,137100,71380,73087,159984,159984,,,,0.7766209342109736,0.7766209342109736,0.40434137333318226,0.4140108987503824,0.9062503540394485,0.9062503540394485
2015-08,161663,126225,126225,67368,67944,147169,147169,,,,0.7807909045359792,0.7807909045359792,0.4167187297031479,0.4202816971106561,0.9103443583256527,0.9103443583256527
2015-09,169528,132461,132461,72157,71850,153690,153690,,,,0.7813517531027323,0.7813517531027323,0.4256347034118258,0.4238237931197206,0.906575904865273,0.906575904865273
2015-10,170391,132065,132065,71967,71640,154709,154709,,,,0.7750702795335435,0.7750702795335435,0.4223638572459813,0.42044474179974295,0.907964622544618,0.907964622544618
2015-11,164724,126818,126818,69354,69128,149544,149544,,,,0.7698817415798548,0.7698817415798548,0.4210315436730531,0.41965955173502345,0.9078458512420776,0.9078458512420776
2015-12,178800,136895,136895,76092,75778,161994,161994,,,,0.7656319910514542,0.7656319910514542,0.4255704697986577,0.42381431767337807,0.9060067114093959,0.9060067114093959
2016-01,163820,124923,124923,68314,68856,148168,148168,,,,0.7625625686729337,0.7625625686729337,0.4170064705164205,0.42031497985593946,0.9044561103650348,0.9044561103650348
2016-02,164070,125150,125150,67608,68508,148064,148064,,,,0.7627841774852198,0.7627841774852198,0.41206801974766866,0.4175534832693363,0.9024440787468764,0.9024440787468764
2016-03,180357,138575,138575,76217,77141,163032,163032,,,,0.7683372422473206,0.7683372422473206,0.4225896416551617,0.4277128140299517,0.9039405179726875,0.9039405179726875
2016-04,163168,124531,124531,99727,99928,148670,148670,,,,0.7632072465189252,0.7632072465189252,0.6111921455187291,0.6124240047068052,0.9111467934889194,0.9111467934889194
2016-05,170506,129191,129191,104180,104249,155446,155446,,,,0.7576918114318558,0.7576918114318558,0.6110048913234725,0.6114095691647214,0.9116746624752208,0.9116746624752208
2016-06,170702,129102,129102,101446,101496,155464,155464,,,,0.7563004534217526,0.7563004534217526,0.5942871202446368,0.594580028353505,0.9107333247413621,0.9107333247413621
2016-07,163602,124915,124915,97564,97477,148746,148746,,,,0.7635297856994413,0.7635297856994413,0.5963496778767986,0.5958178995366805,0.9091942641288003,0.9091942641288003
2016-08,178562,136793,136793,102825,102503,162249,162249,,,,0.7660812490899519,0.7660812490899519,0.5758504049013788,0.5740471096873915,0.9086423763174696,0.9086423763174696
2016-09,169416,130092,130092,97059,96839,154438,154438,,,,0.7678849695424281,0.7678849695424281,0.5729033857486896,0.5716048071020446,0.9115904046843273,0.9115904046843273
2016-10,162672,124295,124295,92997,92927,148224,148224,,,,0.7640835546375528,0.7640835546375528,0.5716841251106521,0.5712538113504475,0.9111832398937739,0.9111832398937739
2016-11,168505,130036,130036,101192,101195,154014,154014,,,,0.7717041037357942,0.7717041037357942,0.6005281742381532,0.6005459778641583,0.9140025518530608,0.9140025518530608
2016-12,168184,131871,131871,106923,106882,153248,153248,,,,0.7840876658897398,0.7840876658897398,0.6357501308091138,0.6355063501878895,0.9111925034486039,0.9111925034486039
2017-01,168786,133297,133297,104593,104539,154477,154477,,,,0.7897396703518065,0.7897396703518065,0.6196781723602669,0.6193582406123731,0.9152240114701456,0.9152240114701456
2017-02,152677,120264,120264,88755,88684,139343,139343,,,,0.7877021424314075,0.7877021424314075,0.5813252814765812,0.5808602474505,0.9126652999469468,0.9126652999469468
2017-03,175952,137033,137033,96158,95990,161186,161186,,,,0.778808993361826,0.778808993361826,0.5465013185414204,0.5455465126852778,0.9160793852868965,0.9160793852868965
2017-04,154572,118242,118242,68580,68471,141126,141126,,,,0.7649639003182983,0.7649639003182983,0.4436767331728903,0.44297156017907513,0.9130114121574412,0.9130114121574412
2017-05,176363,135285,135285,75001,74936,161817,161817,,,,0.7670826647312645,0.7670826647312645,0.4252649365229668,0.42489637849208733,0.9175223828127215,0.9175223828127215
2017-06,167166,129257,129257,70849,70845,153522,153522,,,,0.7732254166517115,0.7732254166517115,0.4238242226290035,0.4238002943182226,0.9183805319263486,0.9183805319263486
2017-07,159664,125451,125451,67352,67423,146389,146389,,,,0.7857187593947289,0.7857187593947289,0.42183585529612183,0.42228053913217756,0.9168566489628219,0.9168566489628219
2017-08,173774,138431,138431,73213,73223,159242,159242,,,,0.7966151438074741,0.7966151438074741,0.42131158861509777,0.4213691346231312,0.9163741411258302,0.9163741411258302
2017-09,160149,126055,126055,65225,65272,145898,145898,,,,0.7871107531111652,0.7871107531111652,0.4072769733185971,0.40757045001842035,0.911014118102517,0.911014118102517
2017-10,169187,131128,131128,68894,68824,153186,153186,,,,0.7750477282533528,0.7750477282533528,0.40720622742882134,0.4067924840561036,0.9054241756163298,0.9054241756163298
2017-11,167081,132274,132274,69503,69484,151394,151394,,,,0.7916758937281917,0.7916758937281917,0.41598386411381305,0.4158701468150179,0.9061114070420934,0.9061114070420934
2017-12,157137,124739,124739,64998,64973,143413,143413,,,,0.7938232243201792,0.7938232243201792,0.41363905381927873,0.4134799569802147,0.9126621992274258,0.9126621992274258
2018-01,179152,136570,136570,70436,70444,165184,165184,,,,0.7623135661337859,0.7623135661337859,0.3931633473251764,0.39320800214343127,0.9220326873269625,0.9220326873269625
2018-02,155330,121344,121344,61346,61298,143680,143680,,,,0.7812013133329041,0.7812013133329041,0.39493980557522695,0.39463078606837054,0.9249983905234018,0.9249983905234018
2018-03,172075,133690,133690,68357,68322,158838,158838,,,,0.7769286648263839,0.7769286648263839,0.3972511986052593,0.3970477989248874,0.9230742408833358,0.9230742408833358
2018-04,165161,126744,126744,65208,65137,153074,153074,,,,0.767396661439444,0.767396661439444,0.39481475651031417,0.39438487294215946,0.9268168635452679,0.9268168635452679
2018-05,180495,138709,138709,71745,71745,167227,167227,,,,0.7684922020000554,0.7684922020000554,0.3974902351865703,0.3974902351865703,0.9264910385329234,0.9264910385329234
2018-06,165883,127461,127461,65512,65432,153453,153453,,,,0.7683789176708885,0.7683789176708885,0.39492895595088107,0.3944466883285207,0.9250676681757625,0.9250676681757625
2018-07,176454,134774,134774,75439,75412,162648,162648,,,,0.7637911296995251,0.7637911296995251,0.4275278542849695,0.4273748399016174,0.9217586453126594,0.9217586453126594
2018-08,182719,140752,140752,93567,93567,167730,167730,,,,0.7703194522737099,0.7703194522737099,0.5120813927396713,0.5120813927396713,0.9179669328312874,0.9179669328312874
2018-09,159178,123336,123336,84996,84984,146324,146324,,,,0.7748306926836623,0.7748306926836623,0.5339682619457463,0.5338928746434809,0.9192476347233914,0.9192476347233914
2018-10,185695,143756,143756,95193,95190,169713,169713,,,,0.7741511618514231,0.7741511618514231,0.5126309270578099,0.512614771533967,0.9139341393144673,0.9139341393144673
2018-11,177921,138095,138095,90445,90410,161410,161410,,,,0.7761590818396928,0.7761590818396928,0.5083435906947465,0.5081468741744932,0.9072003866884741,0.9072003866884741
2018-12,168578,130441,130441,85489,85405,153000,153000,,,,0.7737723783649112,0.7737723783649112,0.5071183665721506,0.5066200809121001,0.9075917379491986,0.9075917379491986
2019-01,211349,146880,146880,95536,95454,197845,197845,,,,0.6949642534386252,0.6949642534386252,0.4520295814032714,0.45164159754718497,0.9361056830171895,0.9361056830171895
2019-02,185043,128413,128413,82772,82690,172381,172381,,,,0.6939630248104495,0.6939630248104495,0.44731224634274197,0.44686910609966335,0.9315726614894916,0.9315726614894916
2019-03,193960,134236,134236,86572,86517,180855,180855,,,,0.6920808414106001,0.6920808414106001,0.44633945143328524,0.44605588781191996,0.9324345225819757,0.9324345225819757
2019-04,203784,140152,140152,90548,90512,190144,190144,,,,0.6877478114081577,0.6877478114081577,0.444333215561575,0.4441565579240765,0.9330663840144466,0.9330663840144466
2019-05,213132,146221,146221,94235,94160,198254,198254,,,,0.6860584051198318,0.6860584051198318,0.44214383574498434,0.4417919411444551,0.930193495111011,0.930193495111011
2019-06,184843,127312,127312,81750,81678,173058,173058,,,,0.6887574860827838,0.6887574860827838,0.44226722137165053,0.441877701617048,0.9362431901667901,0.9362431901667901
2019-07,244877,150993,150993,96953,96902,232995,232995,,,,0.6166075213270336,0.6166075213270336,0.3959253012737007,0.39571703344944603,0.9514776806315007,0.9514776806315007
2019-08,233232,142808,142808,89843,89807,222905,222905,,,,0.6123001989435412,0.6123001989435412,0.38520871921520206,0.3850543664677231,0.9557221993551486,0.9557221993551486
2019-09,223021,137022,137022,84741,84710,213260,213260,,,,0.6143905730850459,0.6143905730850459,0.3799687024988678,0.3798297021356733,0.9562328211244681,0.9562328211244681
2019-10,246398,151062,151062,96603,96573,235651,235651,,,,0.6130812750103491,0.6130812750103491,0.3920608121819171,0.3919390579468989,0.9563835745420012,0.9563835745420012
2019-11,225703,137815,137815,87515,87491,215512,215512,,,,0.6106033149758754,0.6106033149758754,0.3877440707478412,0.3876377363171956,0.9548477423871193,0.9548477423871193
2019-12,236763,143961,143961,90642,90602,226275,226275,,,,0.6080384181650005,0.6080384181650005,0.3828385347372689,0.3826695894206443,0.955702537981019,0.955702537981019
2020-01,245157,144844,144844,114872,114938,233305,233305,,,,0.5908213920059391,0.5908213920059391,0.468565041993498,0.46883425723108046,0.9516554697601944,0.9516554697601944
2020-02,213035,126212,126212,100660,100697,202788,202788,,,,0.5924472504518037,0.5924472504518037,0.47250451803694227,0.4726781984181003,0.9518999225479381,0.9518999225479381
2020-03,235692,137211,137211,111660,111608,224569,224569,,,,0.5821623135278244,0.5821623135278244,0.4737538821852248,0.4735332552653463,0.9528070532729155,0.9528070532729155
2020-04,234531,138663,138663,111008,110985,222545,222545,,,,0.5912352738017576,0.5912352738017576,0.4733190921456012,0.4732210240863681,0.9488937496535639,0.9488937496535639
2020-05,224244,132309,132309,105048,105027,212900,212900,,,,0.5900224755177396,0.5900224755177396,0.46845400545834004,0.46836035746775834,0.9494122473733968,0.9494122473733968
2020-06,235903,139581,139581,110671,110651,224282,224282,,,,0.5916881090956876,0.5916881090956876,0.46913773881637794,0.4690529582073988,0.9507382271526856,0.9507382271526856
2020-07,249544,147676,147676,114833,114811,236840,236840,,,,0.5917834129452121,0.5917834129452121,0.46017135254704583,0.46008319174173695,0.949091142243452,0.949091142243452
2020-08,230122,136031,136031,105111,105090,218440,218440,,,,0.5911255768679222,0.5911255768679222,0.45676206533925484,0.45667080939675475,0.9492356228435351,0.9492356228435351
2020-09,242187,143114,143114,111113,111095,229992,229992,,,,0.5909235425518298,0.5909235425518298,0.45879010846990137,0.45871578573581573,0.9496463476569758,0.9496463476569758
2020-10,244242,144383,144383,110717,110695,231744,231744,,,,0.5911473047223655,0.5911473047223655,0.4533086037618428,0.4532185291636983,0.9488294396541136,0.9488294396541136
2020-11,233888,138365,138365,106472,106465,222047,222047,,,,0.59158657135039,0.59158657135039,0.4552264331645916,0.4551965043097551,0.9493732042687099,0.9493732042687099
2020-12,261486,155350,155350,118250,118226,247893,247893,,,,0.5941044644837582,0.5941044644837582,0.4522230635674568,0.45213128045096107,0.9480163373947362,0.9480163373947362
2021-01,243218,144441,144441,109319,109281,229679,229679,,,,0.5938746309894827,0.5938746309894827,0.44946920047035993,0.44931296203405996,0.9443338897614486,0.9443338897614486
2021-02,238129,142432,142432,106488,106491,224253,224253,,,,0.5981295852248151,0.5981295852248151,0.4471861889984,0.44719878721197337,0.9417290628188922,0.9417290628188922
2021-03,272881,165356,165356,124185,124192,257211,257211,,,,0.605963771753988,0.605963771753988,0.45508848179242967,0.4551141339998021,0.9425757014962566,0.9425757014962566
2021-04,261130,158372,158372,120678,120674,248096,248096,,,,0.6064871902883621,0.6064871902883621,0.46213763259679086,0.4621223145559683,0.950086163979627,0.950086163979627
2021-05,234718,151504,151504,116601,116585,221269,221269,,,,0.6454724392675466,0.6454724392675466,0.49677059279646213,0.49670242588979113,0.9427014545113711,0.9427014545113711
2021-06,247521,160902,160902,122581,122626,232771,232771,,,,0.6500539348176518,0.6500539348176518,0.495234747758776,0.4954165505149058,0.9404090966019045,0.9404090966019045
2021-07,250934,162140,162140,124171,124187,235974,235974,,,,0.6461459985494193,0.6461459985494193,0.4948352953366224,0.49489905712259,0.9403827301202706,0.9403827301202706
2021-08,253000,165076,165076,125067,125067,236465,236465,,,,0.6524743083003952,0.6524743083003952,0.49433596837944666,0.49433596837944666,0.9346442687747035,0.9346442687747035
2021-09,255857,165936,165936,105031,105031,237658,237658,,,,0.6485497758513544,0.6485497758513544,0.4105066501991347,0.4105066501991347,0.928870423713246,0.928870423713246
2021-10,245342,158639,158639,130376,130379,228748,228748,,,,0.646603516723594,0.646603516723594,0.531405140579273,0.5314173684081812,0.9323638023656773,0.9323638023656773
2021-11,258386,167514,167514,140722,140722,241682,241682,,,,0.6483091189151114,0.6483091189151114,0.5446192905188362,0.5446192905188362,0.9353525345800469,0.9353525345800469
2021-12,272109,175359,175359,147956,147965,254529,254529,,,,0.6444439544447262,0.6444439544447262,0.5437379873506573,0.5437710623316392,0.9353935371487161,0.9353935371487161
2022-01,247191,161269,161269,137659,137581,230311,230311,,,,0.6524064387457472,0.6524064387457472,0.5568932525860569,0.5565777071171685,0.9317127241687602,0.9317127241687602
2022-02,208924,151577,151577,131871,131851,187902,187902,,,,0.7255126266010606,0.7255126266010606,0.6311912465777029,0.6310955179874022,0.8993796787348509,0.8993796787348509
2022-03,239800,173946,173946,150237,150216,214529,214529,,,,0.7253794829024187,0.7253794829024187,0.6265095913261051,0.6264220183486239,0.8946163469557965,0.8946163469557965
2022-04,235679,159198,159198,141658,141648,213670,213670,,,,0.6754865728384795,0.6754865728384795,0.6010633106895396,0.601020880095384,0.906614505322918,0.906614505322918
2022-05,246301,167003,167003,147849,147846,222723,222723,,,,0.6780443441155334,0.6780443441155334,0.6002777089820991,0.600265528763586,0.9042716026325512,0.9042716026325512
2022-06,244821,168405,168405,141623,141619,220642,220642,,,,0.6878699131201981,0.6878699131201981,0.5784757026562264,0.5784593641885296,0.9012380473897256,0.9012380473897256
2022-07,234660,160959,160959,140223,140219,212309,212309,,,,0.6859243160317054,0.6859243160317054,0.5975581692661723,0.5975411233273673,0.904751555441916,0.904751555441916
2022-08,257958,176693,176693,152985,152982,234078,234078,,,,0.6849680955814512,0.6849680955814512,0.5930616612006606,0.5930500314004605,0.9074267904077408,0.9074267904077408
2022-09,247773,167924,167924,146419,146407,226062,226062,,,,0.6777332477711454,0.6777332477711454,0.5909400943605639,0.5908916629334108,0.9123754404232907,0.9123754404232907
2022-10,233686,159452,159452,131685,131722,213255,213255,,,,0.682334414556285,0.682334414556285,0.5635125767054937,0.5636709088263738,0.9125707145485823,0.9125707145485823
2022-11,243091,165705,165705,129882,129932,221829,221829,,,,0.6816583090283063,0.6816583090283063,0.53429374184976,0.5344994261408279,0.9125348120662633,0.9125348120662633
2022-12,240557,164752,164752,135772,135987,219447,219447,,,,0.6848771808760502,0.6848771808760502,0.5644067726152222,0.5653005316827197,0.9122453306284997,0.9122453306284997
2023-01,236612,162977,162977,140944,141168,215322,215322,,,,0.6887943130525924,0.6887943130525924,0.5956756208476324,0.5966223183946714,0.9100214697479417,0.9100214697479417
2023-02,214043,147846,147846,127164,127375,193904,193904,,,,0.6907303672626528,0.6907303672626528,0.5941049228426064,0.5950907060730788,0.9059114290119276,0.9059114290119276
2023-03,242896,168490,168490,143926,144108,221292,221292,,,,0.6936713655226928,0.6936713655226928,0.5925416639220078,0.5932909558000131,0.9110565838877545,0.9110565838877545
2023-04,207609,145378,145378,124058,124057,188135,188135,,,,0.7002490258129465,0.7002490258129465,0.5975559826404443,0.5975511658935788,0.9061986715412145,0.9061986715412145
2023-05,234270,166375,166375,142184,142184,212510,212510,,,,0.7101848294702694,0.7101848294702694,0.606923635121868,0.606923635121868,0.9071157211764204,0.9071157211764204
2023-06,222746,158328,158328,136531,136530,201685,201685,,,,0.7108006428847207,0.7108006428847207,0.6129447891320159,0.6129402997135751,0.9054483582196762,0.9054483582196762
2023-07,212580,150562,150562,131346,131346,191970,191970,,,,0.7082604196067362,0.7082604196067362,0.6178662150719729,0.6178662150719729,0.9030482641828959,0.9030482641828959
2023-08,232140,164727,164727,143001,143001,209399,209399,,,,0.7096019643318687,0.7096019643318687,0.6160118893771,0.6160118893771,0.9020375635392436,0.9020375635392436
2023-09,209429,149926,149926,130159,130159,189107,189107,,,,0.7158798447206451,0.7158798447206451,0.6214946354134336,0.6214946354134336,0.9029647279030125,0.9029647279030125
2023-10,217594,156808,156808,136142,136138,196259,196259,,,,0.7206448707225384,0.7206448707225384,0.625669825454746,0.6256514425949244,0.9019504214270614,0.9019504214270614
2023-11,216396,155730,155730,135069,135066,195473,195473,,,,0.7196528586480342,0.7196528586480342,0.6241751233849054,0.6241612599123828,0.9033115214698978,0.9033115214698978
2023-12,207412,148344,148344,128231,128231,186807,186807,,,,0.7152141631149596,0.7152141631149596,0.6182429174782559,0.6182429174782559,0.9006566640310107,0.9006566640310107
2024-01,225991,162508,162508,139838,139867,203912,203912,,,,0.7190905832533154,0.7190905832533154,0.6187768539455111,0.6189051776398176,0.9023014190830608,0.9023014190830608
2024-02,206059,149219,149219,128262,128327,186196,186196,,,,0.7241566735740734,0.7241566735740734,0.6224527926467662,0.6227682362818416,0.9036052780999616,0.9036052780999616
2024-03,205385,148395,148395,127667,127732,185397,185397,,,,0.7225211188743093,0.7225211188743093,0.6215984614261022,0.6219149402341944,0.9026803320593033,0.9026803320593033
2024-04,214676,156181,156181,133186,133250,193469,193469,,,,0.7275196109485923,0.7275196109485923,0.620404702901116,0.6207028265851795,0.9012139223760458,0.9012139223760458
2024-05,225331,163661,163661,139054,139134,203000,203000,,,,0.7263137340179558,0.7263137340179558,0.6171099404875494,0.6174649737497282,0.900896902778579,0.900896902778579
2024-06,189329,135221,135221,114889,114887,171222,171222,,,,0.7142117689313312,0.7142117689313312,0.6068219871229447,0.60681142350089,0.9043622477275008,0.9043622477275008
2024-07,291713,165740,165740,139324,139316,281834,281834,,,,0.5681611721109446,0.5681611721109446,0.4776064145238642,0.47757899030896805,0.9661345226301193,0.9661345226301193
2024-08,277786,157726,157726,132768,132763,269041,269041,,,,0.5677967932149208,0.5677967932149208,0.47795065266068126,0.47793265319346545,0.9685189318396176,0.9685189318396176
2024-09,264164,151956,151956,127114,127120,255651,255651,,,,0.5752335670265442,0.5752335670265442,0.48119350100695024,0.48121621416998533,0.967773807180388,0.967773807180388
2024-10,289483,166664,166664,138723,138743,279516,279516,,,,0.5757298356034724,0.5757298356034724,0.47920948725831913,0.4792785759440105,0.9655696534856969,0.9655696534856969
2024-11,264021,151991,151991,126295,126297,255223,255223,,,,0.5756776923047788,0.5756776923047788,0.47835210077986223,0.47835967593486883,0.9666768931259256,0.9666768931259256
2024-12,275192,159005,159005,131840,131841,266052,266052,,,,0.5777965929242129,0.5777965929242129,0.4790836942934388,0.4790873281200035,0.966786825198407,0.966786825198407
2025-01,286990,166064,166064,138144,138165,277726,277726,,,,0.5786403707446253,0.5786403707446253,0.4813547510366215,0.4814279243179205,0.9677201296212412,0.9677201296212412
2025-02,250432,145456,145456,120372,120392,242006,242006,,,,0.5808203424482494,0.5808203424482494,0.48065742397137745,0.4807372859698441,0.9663541400460005,0.9663541400460005
2025-03,290613,153904,153904,126635,126656,281087,281087,,,,0.5295840172325395,0.5295840172325395,0.4357513256461342,0.4358235866943323,0.9672210121364151,0.9672210121364151
2025-04,306884,161872,161872,132529,132546,297116,297116,,,,0.5274696628041866,0.5274696628041866,0.43185372974804814,0.4319091252720898,0.9681703835977112,0.9681703835977112
2025-05,306047,162980,162980,132739,132760,296106,296106,,,,0.5325325848644162,0.5325325848644162,0.43372096442703245,0.43378958133881396,0.9675180609514225,0.9675180609514225
2025-06,293052,156085,156085,127633,127640,282939,282939,,,,0.532618784379564,0.532618784379564,0.43553021306798795,0.43555409961372044,0.9654907661438925,0.9654907661438925
2025-07,321328,173560,173560,139968,139966,309071,309071,,,,0.5401334461982772,0.5401334461982772,0.4355922919882488,0.435586067818553,0.961855176019519,0.961855176019519
2025-08,293220,158473,158473,144987,145006,282257,282257,,,,0.5404576768296842,0.5404576768296842,0.4944649068958461,0.4945297046586181,0.9626116908805675,0.9626116908805675
2025-09,307341,166176,166176,137693,137697,295196,295196,,,,0.5406893320448622,0.5406893320448622,0.44801376972157964,0.4480267845812957,0.9604836321870496,0.9604836321870496
2025-10,320412,174044,174044,142600,142574,307481,307481,,,,0.5431881452629739,0.5431881452629739,0.445051995555722,0.4449708500305856,0.9596425851715916,0.9596425851715916
2025-11,278571,150759,150759,124710,124685,267234,267234,,,,0.5411869864415176,0.5411869864415176,0.44767761181171045,0.4475878680838996,0.9593030143123297,0.9593030143123297
2025-12,323045,174619,174619,143037,143011,309555,309555,,,,0.5405407915305918,0.5405407915305918,0.4427773220449163,0.4426968379018403,0.958241111919392,0.958241111919392
2026-01,311319,167197,167197,174338,174221,297825,297825,,,,0.5370600573688082,0.5370600573688082,0.5599979442308372,0.5596221239307592,0.9566553920576644,0.9566553920576644
2026-02,266946,143268,143268,152832,152755,255698,255698,,,,0.5366928142770448,0.5366928142770448,0.572520285001461,0.5722318371505848,0.9578641373161613,0.9578641373161613
2026-03,309191,165423,165423,177956,177956,296216,296216,,,,0.535018807145098,0.535018807145098,0.5755536221946952,0.5755536221946952,0.9580356478681462,0.9580356478681462
2026-04,308468,165238,165238,177451,177451,295380,295380,,,,0.5356730681950802,0.5356730681950802,0.5752655056602306,0.5752655056602306,0.9575709636007624,0.9575709636007624
2026-05,294491,157455,157455,170614,170614,282204,282204,,,,0.5346682920700463,0.5346682920700463,0.5793521703549515,0.5793521703549515,0.9582771629693267,0.9582771629693267
2026-06,307785,164240,164240,178972,178972,294872,294872,,,,0.5336192472017804,0.5336192472017804,0.581483827996816,0.581483827996816,0.9580453888266159,0.9580453888266159
2026-07,323548,172721,172721,186632,186632,310048,310048,,,,0.5338342378874232,0.5338342378874232,0.5768294039833348,0.5768294039833348,0.95827512455648,0.95827512455648
2026-08,42295,22510,22510,23997,23997,40449,40449,,,,0.5322142097174607,0.5322142097174607,0.5673720297907554,0.5673720297907554,0.956354178980967,0.956354178980967
