period,stock_month_observations,unique_cusip8,mean_percent,std_percent,min_percent,p01_percent,p25_percent,median_percent,p75_percent,p90_percent,p99_percent,max_percent,high_fee_share,util_mean_raw,util_median_raw,util_p90_raw,util_p99_raw,fee_qualifying_share
2007-01,6868,6868,2.1577242283051836,3.8296309827905914,0.25,0.25,0.375,0.5,0.625,8.0,16.0,40.0,0.2284507862550961,20.739947839600944,10.65544,58.604812,99.83682759999999,0.9631624927198602
2007-02,6963,6963,2.2163578917133417,3.941626582307636,0.25,0.25,0.375,0.5,0.8125,8.0,17.0,50.0,0.2371104409019101,21.290168521969626,11.21177,60.43606400000001,99.9535278,0.9632342381157547
2007-03,6939,6938,2.2892527741749533,3.9863308783296367,0.25,0.25,0.5,0.5,1.125,8.0,17.0,55.00000000000001,0.251621271076524,22.499590879755793,12.52849,63.166223,99.89678280000001,0.9632511889321228
2007-04,6948,6948,2.237424438687392,3.9620475421503194,0.25,0.25,0.375,0.5,1.0,8.0,16.0,60.0,0.24481865284974094,22.733224971408653,12.7163,63.74255700000003,99.9238009,0.9668969487622338
2007-05,7165,7163,2.3602930914166085,3.9891760506606126,0.25,0.25,0.375,0.5,1.625,8.0,16.0,55.00000000000001,0.2636427076064201,22.92678215953292,12.909705,64.32499000000001,99.69229750000001,0.946685275645499
2007-06,6993,6993,2.424049049049049,4.023837233196382,0.25,0.25,0.5,0.5,2.0,8.0,16.0,55.00000000000001,0.2722722722722723,25.103464160056586,15.388,68.68977600000001,99.8963912,0.9602459602459602
2007-07,7017,7016,2.509120706854781,4.070161139098338,0.25,0.25,0.5,0.5,2.5,8.0,16.0,60.0,0.28331195667664244,25.245322570162383,15.86363,68.10069600000003,99.6523572,0.963802194670087
2007-08,7191,7191,2.6753754693366707,4.204170829364636,0.25,0.25,0.375,0.5,4.0,8.0,16.0,55.00000000000001,0.30941454596022805,24.49621020049654,15.837814999999999,66.02706299999998,99.3324725,0.9610624391600612
2007-09,7076,7076,2.888266676088185,4.250906495980341,0.25,0.25,0.375,0.5,6.0,8.0,17.0,65.0,0.36023176936122103,24.706219945292883,16.5708,65.835846,99.5770368,0.9639626907857547
2007-10,7250,7248,2.8235862068965516,4.624377428744221,0.25,0.25,0.25,0.375,7.000000000000001,8.0,18.0,75.0,0.35186206896551725,23.594759226835826,14.72852,64.91490999999999,99.0863615,0.9514482758620689
2007-11,7391,7389,2.8580706264375593,4.247123377142034,0.25,0.375,0.375,0.5,7.000000000000001,7.000000000000001,17.0,80.0,0.3609795697469896,24.876496768715466,15.73756,67.33628300000002,99.63336419999997,0.954268705181978
2007-12,7518,7517,2.777716812982176,4.18291338088838,0.25,0.25,0.5,0.5,6.0,7.000000000000001,16.829999999999927,80.0,0.3619313647246608,23.506594367125825,14.07247,64.934365,99.5075239,0.9573024740622506
2008-01,7517,7516,2.572801649594253,4.1065414746253035,0.25,0.25,0.375,0.5,5.0,6.0,18.0,80.0,0.37501662897432486,23.249263238093892,14.00184,64.75642599999999,98.49475559999999,0.9554343488093654
2008-02,7604,7603,2.604385849552867,4.218191950255698,0.25,0.25,0.5,0.5,4.0,5.0,19.0,75.0,0.4034718569174119,23.873093364774267,14.68704,66.43625400000006,98.41621319999994,0.956207259337191
2008-03,7400,7399,2.808581081081081,4.461516815510962,0.25,0.375,0.5,0.5,4.5,5.0,19.01000000000022,75.0,0.44067567567567567,23.992825112071042,15.00468,65.06404,98.4765685,0.9637837837837838
2008-04,7293,7292,2.5166083916083917,4.3109930358281385,0.25,0.375,0.5,0.5,4.0,4.5,19.0,70.0,0.41011929247223367,23.254819235117697,14.04015,63.47736800000001,98.05830599999999,0.9635266694090223
2008-05,6992,6992,2.416172053775744,4.1991280098953405,0.25,0.375,0.375,0.5,4.0,4.5,20.0,80.0,0.40360411899313503,24.07495657711407,14.66449,66.80796099999998,98.71476720000003,0.9743993135011442
2008-06,6936,6936,2.5229959630911187,4.485757436109944,0.25,0.375,0.5,0.5,4.0,4.5,25.0,90.0,0.41017877739331027,24.61403802176191,15.55475,67.23036,99.13484079999998,0.9687139561707035
2008-07,7025,7025,2.4147864768683274,4.4287980090762655,0.25,0.25,0.375,0.5,3.5000000000000004,4.5,25.0,85.0,0.4046975088967972,24.88635442615712,15.78388,67.560732,99.78087409999999,0.9598576512455516
2008-08,7032,7032,2.437428896473265,4.420937736818466,0.25,0.25,0.5,0.5,3.5000000000000004,4.5,25.0,85.0,0.4054323094425484,23.696147143015686,14.01806,65.11372600000001,99.096693,0.9540671217292378
2008-09,7393,7393,5.359174218855674,6.578437649469229,0.25,0.375,0.5,3.0,10.0,11.0,30.0,85.0,0.5257676180170432,21.692795430660347,11.455169999999999,62.171989999999994,98.60454069999997,0.9268226700933315
2008-10,7887,7887,2.237526943070876,4.852351044247683,0.25,0.375,0.5,0.625,1.625,8.0,20.0,110.00000000000001,0.2900976290097629,20.13701303793768,10.30514,57.97620499999999,98.101125,0.9111195638392291
2008-11,7627,7627,2.1387996591058083,4.876549160890232,0.25,0.375,0.5,0.625,1.375,7.000000000000001,19.0,110.00000000000001,0.40920414317556053,19.440946783579534,9.799245,55.67120799999999,98.80117760000003,0.9189720728989118
2008-12,7565,7565,2.0013879709187044,4.864197857751309,0.25,0.25,0.375,0.5,1.0,8.0,19.0,100.0,0.24547257105089226,17.64460188691624,8.073457,50.57207,98.91173079999996,0.9197620621282221
2009-01,7548,7548,2.2680345786963434,4.974608801767073,0.25,0.25,0.375,0.625,2.0,8.0,22.649999999998727,90.0,0.3314785373608903,17.39966782769205,8.1649165,50.284740000000006,98.0012396,0.9095124536301007
2009-02,6885,6885,2.0123093681917212,4.591189121042986,0.25,0.25,0.25,0.5,1.7500000000000002,7.000000000000001,20.0,75.0,0.28104575163398693,17.869824957462043,8.429737,51.328125,97.3767535,0.9256354393609295
2009-03,6828,6828,2.048495166959578,4.774254089504781,0.25,0.25,0.25,0.5,1.7500000000000002,7.000000000000001,23.649999999997817,100.0,0.28280609256004685,17.671323833812735,8.2877915,51.030826000000005,97.90170409999995,0.9175454012888108
2009-04,6786,6786,1.9594938107869142,5.021895778729112,0.25,0.25,0.25,0.5,1.375,6.0,25.0,100.0,0.2712938402593575,16.304017987984388,7.028684,48.08205400000003,97.08437279999998,0.9342764515178308
2009-05,6851,6851,1.9864070938549117,4.836732168612677,0.25,0.25,0.25,0.5,1.7500000000000002,6.0,25.0,100.0,0.28025105823967306,16.22346086450336,7.000955,47.709822,96.989046,0.927455845861918
2009-06,6921,6921,2.186678225689929,5.308119145522715,0.25,0.25,0.375,0.5,2.0,7.000000000000001,25.0,110.00000000000001,0.29056494726195636,18.043760932636317,8.079331,53.563350000000035,99.1427904,0.9190868371622598
2009-07,6775,6775,2.4707011070110703,6.5366622137242825,0.25,0.25,0.25,0.375,1.875,7.000000000000001,30.0,110.00000000000001,0.294169741697417,16.67485376709474,7.2072105,49.40874000000001,97.6639007,0.9245756457564576
2009-08,6770,6770,2.498689069423929,6.540046729103839,0.25,0.25,0.25,0.375,1.875,7.000000000000001,30.0,110.00000000000001,0.3032496307237814,16.189431599464065,6.530165,48.31256,98.74167800000002,0.9107828655834564
2009-09,5678,5677,2.12398731947869,6.608947766533997,0.25,0.25,0.375,0.375,0.5,4.5,30.0,114.99999999999999,0.20200774920746742,15.940656342050016,6.335411000000001,46.550022000000006,99.22279949999994,0.9649524480450863
2009-10,5614,5613,2.0104871749198434,6.316170182943102,0.25,0.25,0.25,0.375,0.375,5.0,30.0,120.0,0.19522622016387603,16.516617490174564,6.618271999999999,49.55240199999999,99.7456989,0.965799786248664
2009-11,5592,5591,2.016966201716738,6.340579538442561,0.25,0.25,0.25,0.375,0.375,5.0,30.0,105.0,0.20332618025751073,16.93899521688841,7.145356,49.69138700000001,99.99415239999999,0.9640557939914163
2009-12,5557,5556,1.9067167536440526,5.914863264471735,0.25,0.25,0.25,0.375,0.375,4.0,30.0,110.00000000000001,0.19021054525823286,15.973820950185353,6.785634,46.28040800000017,99.77701839999996,0.9659888429008457
2010-01,5484,5484,1.9803747264770242,5.995882127794997,0.25,0.25,0.25,0.375,0.375,4.5,30.0,114.99999999999999,0.2024070021881838,16.59428008522976,7.335069,47.74959199999999,99.49653250000001,0.9655361050328227
2010-02,5457,5456,2.025563496426608,6.338411008550504,0.25,0.25,0.25,0.375,0.5,4.5,30.0,114.99999999999999,0.20469122228330586,17.221253520782483,8.310415,49.319034000000094,98.73265719999999,0.9739783763972879
2010-03,5546,5545,2.183600793364587,7.185752983569436,0.25,0.25,0.375,0.375,0.5,4.5,30.0,114.99999999999999,0.2019473494410386,16.884365187955282,7.938908,48.900145,99.174345,0.9680851063829787
2010-04,5488,5488,2.1582315962099123,6.419245988863597,0.25,0.25,0.375,0.375,0.625,5.0,30.0,114.99999999999999,0.2131924198250729,16.842213799865164,7.89821,49.94438,99.09370990000001,0.9750364431486881
2010-05,5963,5963,2.614288110011739,7.528460134259282,0.25,0.25,0.375,0.375,1.875,7.000000000000001,30.0,114.99999999999999,0.27821566325674996,17.142005139350843,8.499468,49.03635200000001,98.69142179999989,0.8814355190340433
2010-06,5483,5482,2.450186941455408,7.867231627986508,0.25,0.25,0.375,0.375,0.75,6.0,35.900000000001455,114.99999999999999,0.22852453036658762,18.028595542620828,9.395002,51.535280000000014,98.84415100000001,0.9507568849170163
2010-07,5445,5444,2.601813590449954,8.357577851465805,0.25,0.25,0.375,0.375,0.8750000000000001,6.0,45.0,114.99999999999999,0.24095500459136823,16.736379178692378,8.193092,47.858184,99.34970560000009,0.9533516988062443
2010-08,5396,5396,2.596576167531505,8.578459170853558,0.25,0.25,0.375,0.375,0.9062500000000001,5.0,40.0,114.99999999999999,0.2435137138621201,16.897353653106006,8.524146,47.747775000000004,98.66418000000003,0.9610822831727205
2010-09,5375,5374,2.598186046511628,8.337486540508877,0.25,0.25,0.375,0.375,0.8750000000000001,6.0,41.30000000000109,110.00000000000001,0.24502325581395348,16.672458911002792,8.077657,47.087692,99.22150720000003,0.9752558139534884
2010-10,5451,5451,2.5290543019629426,8.008817980223471,0.25,0.375,0.375,0.375,1.125,5.0,37.5,114.99999999999999,0.25114657860942946,15.742311322162907,7.03268,45.64141,99.38166000000001,0.9669785360484314
2010-11,5488,5488,2.4768813775510203,7.914840359300442,0.25,0.375,0.375,0.375,1.125,5.0,35.650000000000546,114.99999999999999,0.25309766763848396,15.452648854389576,6.8233345,45.101346,99.2346179,0.972667638483965
2010-12,5501,5501,2.368569351027086,7.566575430990806,0.25,0.25,0.375,0.375,1.0,5.0,35.0,114.99999999999999,0.24795491728776586,13.867006283710236,5.24723,40.61217,98.05901,0.9698236684239229
2011-01,6477,6477,2.7301219700478616,7.217160114899659,0.25,0.34500000000000064,0.375,0.375,2.0,7.000000000000001,35.0,110.00000000000001,0.32762081210436933,14.47134385742049,5.6753184999999995,43.799552000000006,96.58931290000004,0.8151922186197313
2011-02,5352,5352,2.303437967115097,7.216690058287588,0.25,0.375,0.375,0.375,0.8750000000000001,5.0,35.0,110.00000000000001,0.23393124065769805,15.1163012934062,6.185903,45.34278200000005,97.6116335,0.9751494768310912
2011-03,6856,6856,3.1073512252042006,8.484128536067404,0.25,0.25,0.375,0.375,2.5,8.0,35.0,114.99999999999999,0.3779171528588098,15.74163157714259,6.399131499999999,47.769564000000024,97.50524850000001,0.934218203033839
2011-04,7176,7176,3.327968227424749,9.11753586107239,0.25,0.25,0.375,0.5,3.0,8.0,40.0,114.99999999999999,0.4169453734671126,17.89239086216828,6.889851,58.87322800000002,99.9959036,0.9308807134894092
2011-05,7182,7182,3.4729706209969367,9.215790843433606,0.25,0.25,0.375,0.5,3.0,8.0,45.0,114.99999999999999,0.4165970481759955,17.710849506566973,7.251022,56.37205300000012,99.9790678,0.9330270119743804
2011-06,7235,7235,3.666879751209399,9.930379959905796,0.25,0.25,0.25,0.375,3.5000000000000004,8.0,55.00000000000001,114.99999999999999,0.4128541810642709,18.565346483821386,7.790019,58.35425,99.994646,0.9400138217000691
2011-07,7037,7037,3.8087430723319597,10.0173681621413,0.25,0.25,0.375,0.5,3.5000000000000004,8.0,53.200000000001644,114.99999999999999,0.4152337643882336,17.733416675855942,7.235631,55.66236,99.982398,0.9438681256217138
2011-08,7167,7167,3.9844600251151108,10.097301079782394,0.25,0.25,0.375,0.5,3.5000000000000004,8.0,55.00000000000001,114.99999999999999,0.4314217943351472,18.419200574783808,8.0089295,57.89205900000003,99.95273189999999,0.9468396818752616
2011-09,6961,6961,4.016017813532539,9.950594741320813,0.25,0.25,0.375,0.5,3.5000000000000004,9.0,55.00000000000001,114.99999999999999,0.4308289038931188,19.701615821065033,9.281574500000001,61.80694100000001,99.944558,0.9546042235311019
2011-10,6880,6880,4.143622819767442,10.037347385592401,0.25,0.25,0.375,0.5,4.0,10.0,55.00000000000001,114.99999999999999,0.43023255813953487,19.14936977797019,8.800905,59.80153,99.989086,0.951889534883721
2011-11,6884,6884,4.070689279488669,9.8084256895487,0.25,0.375,0.375,0.5,4.0,10.0,50.0,114.99999999999999,0.42678675188843695,18.674359354016474,8.456762000000001,56.90820700000004,99.9905025,0.9549680418361418
2011-12,6843,6843,3.975906035364606,9.365398322935102,0.25,0.25,0.375,0.375,4.0,10.0,50.0,114.99999999999999,0.4078620488090019,18.022305725817038,7.821907,55.87106,99.968996,0.9457840128598568
2012-01,6660,6660,3.921734234234234,9.301438389570253,0.25,0.375,0.375,0.5,3.5000000000000004,10.0,45.0,114.99999999999999,0.40765765765765766,18.05079967177701,7.304379,58.18447600000001,99.9805452,0.9405405405405406
2012-02,6678,6678,3.778863432165319,8.791685128350055,0.25,0.375,0.375,0.5,3.5000000000000004,9.0,40.0,114.99999999999999,0.4076070679844265,17.982478980879367,6.931827,57.81353,99.990492,0.9454926624737946
2012-03,6762,6762,3.816603815439219,8.92696302987708,0.25,0.375,0.375,0.5,3.5000000000000004,9.0,40.0,114.99999999999999,0.4056492162082224,17.80218350156501,6.280976,57.97975600000001,99.982736,0.9415853297840876
2012-04,6637,6637,3.76118728341118,8.626172547811898,0.25,0.375,0.375,0.5,3.5000000000000004,9.0,40.0,114.99999999999999,0.40409823715534127,18.47178274653926,7.189798,59.425602000000005,99.9932113,0.940937170408317
2012-05,6686,6686,3.911008076577924,8.867872740923978,0.25,0.375,0.375,0.625,4.0,9.0,40.0,114.99999999999999,0.41534549805563864,19.380495613761692,8.3720865,60.74686899999999,99.9897636,0.9434639545318576
2012-06,6549,6549,3.9315735226752175,9.357245013817279,0.25,0.25,0.375,0.5,3.5000000000000004,10.0,45.0,114.99999999999999,0.3956329210566499,19.364209952038888,8.654138,61.12318999999998,99.9847472,0.9448770804703008
2012-07,6521,6521,3.918800797423708,9.2073137733322,0.25,0.375,0.375,0.5,3.5000000000000004,9.0,45.0,114.99999999999999,0.40070541328017173,18.686879783017073,7.933936,57.73026,99.977524,0.9444870418647446
2012-08,6937,6937,4.423219691509298,9.882274947267703,0.25,0.375,0.375,0.625,5.0,10.0,45.0,114.99999999999999,0.42756234683580796,24.123065388870092,8.871899500000001,85.863135,99.99762,0.9328239873144011
2012-09,6868,6868,4.312827606290041,9.636490339661195,0.25,0.25,0.375,0.5,5.0,10.0,40.0,114.99999999999999,0.442195690157251,25.27161172965528,8.7416415,95.207621,99.9977638,0.9442341292952825
2012-10,6983,6983,4.338285837032794,9.481282702339215,0.25,0.375,0.375,0.625,4.5,10.0,40.0,114.99999999999999,0.4437920664470858,25.82441451496984,8.193159,98.4128,99.9983936,0.9514535300014321
2012-11,6942,6942,4.151019158743878,9.200171384046042,0.25,0.375,0.375,0.625,4.0,10.0,40.0,114.99999999999999,0.4307116104868914,25.476642183514866,8.380408500000001,96.29890100000003,99.9975,0.9492941515413426
2012-12,7060,7060,4.1544440509915015,9.305466779843517,0.25,0.375,0.375,0.625,4.0,9.0,45.0,114.99999999999999,0.44107648725212467,25.175609786761996,7.535733,95.884862,99.9979012,0.9213881019830028
2013-01,7044,7044,4.254968767745599,9.286281653862877,0.25,0.375,0.375,0.625,5.0,10.0,40.0,114.99999999999999,0.44832481544576946,24.632486010345577,6.721669,95.33806800000002,99.9979832,0.9301533219761499
2013-02,6836,6836,4.182690901111761,9.230782455284164,0.25,0.375,0.375,0.625,4.5,9.0,40.0,114.99999999999999,0.43724400234055005,24.213157481471104,7.185033,93.28019,99.99873,0.9447045055588064
2013-03,6893,6893,4.072410416364428,9.204209426451326,0.25,0.375,0.375,0.625,4.0,9.0,45.0,114.99999999999999,0.43522414043232266,25.289193884124643,8.0051245,96.18523,99.99898400000001,0.9402292180472943
2013-04,6928,6928,3.9569500577367207,9.157214767702426,0.25,0.375,0.375,0.625,3.5000000000000004,9.0,45.0,114.99999999999999,0.4190242494226328,24.823686929606076,7.197168,95.63996,99.998374,0.9403868360277137
2013-05,6959,6959,4.030715620060353,8.876481073752565,0.25,0.375,0.375,0.625,4.0,9.0,45.0,110.00000000000001,0.4388561574938928,25.277464131919796,7.281226,97.57902199999998,99.99866349999999,0.9295875844230493
2013-06,6830,6830,3.8566434846266473,8.82645453549395,0.25,0.25,0.375,0.5,3.5000000000000004,9.0,45.0,114.99999999999999,0.42489019033674963,26.207457799192536,8.119234,98.482308,99.99854,0.9341142020497804
2013-07,6915,6915,3.9492046276211137,8.954830641065268,0.25,0.375,0.375,0.625,3.5000000000000004,9.0,45.0,114.99999999999999,0.44511930585683296,25.69885038515185,7.5523775,98.483722,99.99851,0.9373825018076645
2013-08,6909,6909,3.9497756549428282,8.778168404643177,0.25,0.375,0.375,0.625,3.5000000000000004,9.0,45.0,110.00000000000001,0.45361123172673323,26.846973639636104,7.982608,99.23056,99.99843120000001,0.9390649876972066
2013-09,7038,7038,3.85995666382495,9.002893102819895,0.25,0.25,0.375,0.625,3.5000000000000004,9.0,45.0,114.99999999999999,0.45339585109406083,26.37778833873717,8.100034,98.451466,99.9979971,0.9326513213981245
2013-10,7190,7190,3.8158031988873433,8.518314611507709,0.25,0.25,0.375,0.625,3.5000000000000004,9.0,40.54999999999836,114.99999999999999,0.4659248956884562,26.3955907973964,7.733848500000001,98.430066,99.9981874,0.9305980528511822
2013-11,6920,6920,3.7716582369942198,9.141483785757906,0.25,0.25,0.375,0.625,3.5000000000000004,9.0,45.0,114.99999999999999,0.4434971098265896,25.489748367565202,7.257423,98.16651000000003,99.9983096,0.940606936416185
2013-12,6883,6883,3.820390817957286,9.493074778192897,0.25,0.25,0.375,0.625,3.5000000000000004,8.0,50.0,114.99999999999999,0.4438471596687491,25.497164803258094,7.021522,98.37136,99.9976685,0.9373819555426413
2014-01,7144,7144,3.8927421612541995,9.13645233638999,0.25,0.25,0.375,0.625,3.5000000000000004,9.0,45.0,114.99999999999999,0.45996640537514,25.45974043724531,7.2433815,97.044179,99.9982003,0.9258118701007839
2014-02,7184,7184,4.0143026169265035,9.427871579339374,0.25,0.25,0.375,0.625,4.0,9.0,50.0,114.99999999999999,0.4606069042316258,25.5035406617888,7.497586,97.88933,99.998257,0.9299832962138085
2014-03,7518,7518,4.030543362596435,9.19443956699334,0.25,0.25,0.375,0.75,4.0,9.0,45.0,114.99999999999999,0.47406225059856344,27.386020966642505,8.783870499999999,99.237222,99.9986912,0.9332269220537377
2014-04,7382,7382,4.021572744513682,9.06640724424197,0.25,0.375,0.375,0.75,4.0,9.0,45.0,114.99999999999999,0.4811704145218098,27.880458774554786,9.099978,99.44302,99.9980477,0.937279869953942
2014-05,7355,7355,4.156390210740993,9.745623801962322,0.25,0.375,0.375,0.8750000000000001,4.0,9.0,50.0,114.99999999999999,0.48783140720598234,27.16327040131329,8.852159,98.46959600000001,99.9982844,0.9370496261046907
2014-06,7147,7147,4.210105638729537,9.525572128938135,0.25,0.25,0.375,0.625,4.5,10.0,50.0,114.99999999999999,0.4646704911151532,22.959158577364928,7.5978395,81.0921,99.99583919999999,0.9366167622778788
2014-07,7030,7030,4.4769736842105265,9.861731985416734,0.25,0.25,0.375,0.625,5.0,11.0,50.0,114.99999999999999,0.46571834992887623,20.742454141714468,6.777934,71.99879,99.9937575,0.9145092460881935
2014-08,6499,6499,4.376173257424219,10.279275190893875,0.25,0.25,0.375,0.5,4.5,11.0,50.0,114.99999999999999,0.41744883828281276,18.106028712404253,6.394229,58.79038400000002,99.9811566,0.9229112171103246
2014-09,6440,6440,4.364343944099379,10.345296968894564,0.25,0.25,0.375,0.5,4.5,11.0,55.00000000000001,114.99999999999999,0.4166149068322981,18.65055601225017,6.96902,60.048144,99.989267,0.9402173913043478
2014-10,6441,6441,4.387633907778295,10.436821118552826,0.25,0.25,0.375,0.5,4.0,11.0,55.00000000000001,114.99999999999999,0.4199658438130725,18.355311962545084,6.695553500000001,59.343708000000014,99.9858334,0.9455053563111319
2014-11,6357,6357,4.520469561113733,11.050366311665321,0.25,0.375,0.375,0.625,4.0,11.0,55.00000000000001,235.0,0.4195375176970269,18.067165069455168,6.528808,58.99650400000002,99.994638,0.9466729589428976
2014-12,6525,6525,4.448946360153257,10.55264369498398,0.25,0.25,0.375,0.625,4.0,11.0,55.00000000000001,120.0,0.4274329501915709,17.19010913829594,5.935647,56.154224,99.9861672,0.9434482758620689
2015-01,6518,6518,4.597997852101872,10.70043701395838,0.25,0.25,0.375,0.625,4.5,11.0,55.00000000000001,114.99999999999999,0.4370972691009512,17.062109368430708,5.922099,56.70324700000001,99.2073294,0.936637005216324
2015-02,6459,6459,4.549175568973525,10.75907106270674,0.25,0.375,0.375,0.5,4.0,12.0,55.00000000000001,114.99999999999999,0.4327295246942251,15.058991766612582,4.833222,48.34235000000001,97.51258619999999,0.9441089952004954
2015-03,6496,6496,4.683824661330049,10.950575944240958,0.25,0.375,0.5,0.625,4.0,12.0,55.00000000000001,114.99999999999999,0.4410406403940887,15.0670744181401,5.0776,48.148455999999996,97.37363879999997,0.9254926108374384
2015-04,6269,6269,4.583625777635986,11.054552250924962,0.25,0.25,0.375,0.5,3.5000000000000004,12.0,55.00000000000001,114.99999999999999,0.4166533737438188,14.288017366936137,4.551929,46.131372,93.68494560000019,0.949593236560855
2015-05,6340,6340,4.518059936908517,11.033853684887099,0.25,0.25,0.375,0.5,3.5000000000000004,11.0,60.0,114.99999999999999,0.4220820189274448,14.352447337356676,4.870051999999999,45.941173000000006,93.94942679999997,0.9446372239747634
2015-06,7012,7012,4.401115944095836,10.893634521648673,0.25,0.25,0.375,0.75,3.5000000000000004,11.0,59.45000000000164,140.0,0.43938961779806046,29.483871038905328,9.850623,99.94394,99.9987132,0.9353964632059327
2015-07,7072,7072,4.323105203619909,10.649925642332517,0.25,0.25,0.375,0.75,3.5000000000000004,11.0,56.449999999999825,114.99999999999999,0.48062782805429866,30.33502692462928,10.099525,99.93758500000001,99.9986435,0.9273190045248869
2015-08,6962,6962,4.603759695489802,11.67199734298163,0.25,0.375,0.375,0.75,3.5000000000000004,12.0,60.0,295.0,0.4324906636024131,31.210927018223064,11.3264,99.94321,99.99879,0.9382361390405056
2015-09,6959,6959,4.77151889639316,11.86987167850421,0.25,0.25,0.375,0.75,3.5000000000000004,12.0,60.0,270.0,0.44546630262968817,31.744773831931177,12.264935,99.94037,99.99835370000001,0.940077597355942
2015-10,6925,6925,4.974476534296029,12.287183461471868,0.25,0.25,0.375,0.75,3.5000000000000004,12.0,63.80000000000109,235.0,0.4392779783393502,32.139142187642356,12.31952,99.942972,99.99881780000001,0.9394945848375451
2015-11,7029,7029,5.031707924313558,12.074870842593473,0.25,0.375,0.5,0.75,3.5000000000000004,13.0,60.0,220.00000000000003,0.4847062171005833,32.16909179600402,12.01153,99.94627,99.9988928,0.9337032294778773
2015-12,7022,7022,5.328823696952435,12.089924255023496,0.25,0.375,0.75,1.125,4.0,13.0,65.0,114.99999999999999,0.5093990316149245,31.021387136401323,11.30033,99.92990999999999,99.9983828,0.9340643691256052
2016-01,6960,6960,5.539619252873563,12.571966707227244,0.25,0.375,0.5,1.125,4.5,14.000000000000002,67.04999999999927,250.0,0.5241379310344828,31.493203367570462,12.18953,99.92698,99.998455,0.9287356321839081
2016-02,6910,6910,5.645115774240232,12.935526280706023,0.25,0.375,0.5,1.125,5.0,14.000000000000002,70.0,225.0,0.5199710564399421,31.49359320691905,12.33183,99.93047,99.9986201,0.9357452966714906
2016-03,7056,7056,5.797335600907029,12.780107009526807,0.25,0.375,0.5,1.125,5.0,15.0,70.0,114.99999999999999,0.5365646258503401,32.47685564513811,12.91539,99.95215400000001,99.99884709999999,0.9339569160997733
2016-04,6681,6681,5.9104363119293515,12.958610364938446,0.25,0.375,0.5,1.125,6.0,15.0,70.0,120.0,0.5066606795389912,28.405526417541765,10.827539999999999,99.88142500000001,99.9987785,0.9483610237988325
2016-05,6600,6600,5.92967803030303,13.2669507179247,0.25,0.375,0.5,1.125,5.0,15.0,70.05000000000109,170.0,0.5071212121212121,27.164806261590012,10.00361,99.79361,99.99893709999999,0.9540909090909091
2016-06,6694,6694,5.9926613385121,13.013804274319968,0.25,0.375,0.5,1.125,6.0,15.0,70.0,140.0,0.5240513893038542,27.39849929105631,10.540745,99.73459,99.9984227,0.9460711084553332
2016-07,6793,6793,6.052572501104078,13.204106476570026,0.25,0.375,0.5,1.125,7.000000000000001,14.000000000000002,70.0,254.99999999999997,0.5299573089945532,28.102332862070465,9.781643500000001,99.92658,99.9989125,0.9449433240100104
2016-08,6747,6747,6.0684934044760634,12.769026973921136,0.25,0.375,0.5,1.125,8.0,14.000000000000002,70.0,114.99999999999999,0.5237883503779458,27.17262637045729,8.983917,99.891296,99.99875560000001,0.9534607973914332
2016-09,6701,6701,5.957002686166244,12.999646246759372,0.25,0.375,0.375,1.125,8.0,14.000000000000002,75.0,170.0,0.5181316221459483,28.03461057041321,9.998146,99.9254,99.99903,0.9512013132368303
2016-10,6711,6711,6.010374757860229,13.295152024966965,0.25,0.375,0.375,1.125,8.0,14.000000000000002,80.0,185.0,0.5201907316346297,27.863132677637076,9.518436999999999,99.91846,99.9990746,0.9502309640888095
2016-11,6663,6663,6.442030616839261,15.25167913092798,0.25,0.25,0.375,1.125,8.0,14.000000000000002,95.0,275.0,0.5129821401770974,27.830109807227206,8.987141,99.93432,99.999324,0.9557256491070089
2016-12,6773,6773,6.573047394064669,14.565688433473065,0.25,0.375,0.375,1.125,8.0,14.000000000000002,85.0,220.00000000000003,0.5319651557655396,26.727206182890527,7.902169000000001,99.9052,99.9986981,0.9495053890447365
2017-01,6824,6824,6.312335140679953,14.3847717193638,0.25,0.375,0.375,1.125,8.0,14.000000000000002,85.0,290.0,0.5171453692848769,27.501296362727274,7.872078,99.93715,99.9990619,0.9553048065650644
2017-02,6694,6694,6.497124290409322,14.980821762413914,0.25,0.375,0.375,1.125,8.0,14.000000000000002,90.0,210.0,0.5135942635195697,26.57943099116907,7.57866,99.89693,99.9988962,0.9533910965043323
2017-03,6731,6731,6.619243054523845,15.58921293414629,0.25,0.375,0.375,1.25,8.0,14.000000000000002,95.0,210.0,0.5204278710444213,27.77111376268514,8.424066,99.91644,99.9988376,0.952161640172337
2017-04,6686,6686,6.794477265928807,15.580525898608073,0.25,0.375,0.375,1.375,8.0,14.000000000000002,95.0,165.0,0.5161531558480407,27.863333320931194,8.2452425,99.91915,99.9987765,0.9557283876757403
2017-05,6585,6585,6.505561883067577,16.007369982155208,0.25,0.375,0.375,1.25,7.000000000000001,14.000000000000002,95.0,425.0,0.5100987091875474,28.080916735522536,8.627568,99.9356,99.9987988,0.9602126044039484
2017-06,6613,6613,6.692461817631937,15.319962796658434,0.25,0.25,0.375,1.375,8.0,14.000000000000002,95.0,170.0,0.5161046423710872,28.570765219186995,9.369934,99.895924,99.9986274,0.9499470739452593
2017-07,6735,6735,6.908723088344469,15.41974998742124,0.25,0.375,0.375,1.625,8.0,15.0,98.29999999999927,150.0,0.5291759465478841,29.193676585984253,9.767224500000001,99.93327,99.99889,0.9529324424647364
2017-08,6772,6772,6.91049542232723,15.566061038807876,0.25,0.25,0.375,1.625,8.0,15.0,100.0,250.0,0.5310100413467218,29.941320727537885,10.5045,99.941946,99.9990092,0.9585056113408151
2017-09,6695,6695,6.920780433159074,16.684497325600194,0.25,0.25,0.375,1.5,8.0,14.000000000000002,105.0,415.00000000000006,0.5193427931292008,29.329849538144632,9.6857995,99.924546,99.9984434,0.9583271097834205
2017-10,6727,6727,7.030083989891482,16.72249171859687,0.25,0.25,0.375,1.625,8.0,14.000000000000002,105.0,340.0,0.522372528616025,29.116875343218876,9.22068,99.91153,99.99857,0.948565482384421
2017-11,6730,6730,7.186998514115899,16.698593407507634,0.25,0.25,0.375,1.625,8.0,15.0,105.0,225.0,0.524962852897474,27.840038627187813,8.4273875,99.88130500000001,99.9986186,0.9549777117384844
2017-12,6613,6613,7.704332375623771,17.926337712107305,0.25,0.375,0.375,1.5,8.0,17.0,110.00000000000001,250.0,0.5186753364584908,26.081272460837386,7.31014,99.808808,99.9984468,0.9538787237259942
2018-01,6690,6690,7.667974588938715,17.851023819340586,0.25,0.375,0.375,1.5,8.0,17.0,105.0,229.99999999999997,0.5185351270553065,25.726188686553673,7.0523375,99.6465,99.9984766,0.9518684603886398
2018-02,6768,6768,7.603409426713948,17.398010842752818,0.25,0.375,0.375,1.875,8.0,17.0,105.0,295.0,0.5263002364066194,26.881203046170455,7.597697999999999,99.65718,99.99879,0.9479905437352246
2018-03,6781,6781,7.260951832030674,16.33716154509916,0.1,0.20204619999999998,0.28743,1.6376000000000002,7.029351999999999,17.15889,98.42562399999994,233.4908,0.52838814334169,27.55307097934375,8.279926,99.840559,99.99867210000001,0.954578970653296
2018-04,6736,6736,7.3365782379750595,16.67173241321264,0.1,0.17610835,0.28095100000000006,1.449499,7.041396,17.865235,98.98356799999992,243.12040000000002,0.5233076009501187,26.754620409940475,7.4434605,99.702061,99.9984559,0.9483372921615202
2018-05,6813,6813,7.187779807426978,16.500514079902857,0.1,0.17165116,0.286227,1.428153,6.450865,17.18246,99.78373400000002,185.7997,0.5251724644062821,26.35650830283533,7.150002,99.66866,99.998312,0.9437839424629385
2018-06,6771,6771,7.322944328459608,16.967079585373767,0.1,0.17661759999999999,0.2837695,1.5562690000000001,6.6165875,17.42997,96.56618300000021,225.3046,0.5228178998670802,26.24795200050387,7.766137,99.544228,99.9982128,0.9515581154925418
2018-07,6874,6874,7.2514429416642425,16.89943296508841,0.1,0.1713844,0.2869335,1.6112000000000002,6.423406,17.241516999999998,94.9024872999999,222.73139999999998,0.5221123072446902,26.734502318994956,7.780116,99.737904,99.9984048,0.947628745999418
2018-08,6842,6842,7.153047294358375,17.24926325576697,0.1,0.17985557,0.28722125,1.364328,6.101028,16.461847000000038,96.20937650000008,244.9393,0.5154925460391698,26.79559384127565,7.764377,99.78641,99.99866300000001,0.9511838643671441
2018-09,6869,6869,7.464416319406027,17.89793385398121,0.1,0.1716872,0.294983,1.246654,6.4943029999999995,17.44175,97.00109599999985,248.4575,0.5080797787159703,26.813018937810504,8.256164,99.73708,99.998595,0.9529771436890377
2018-10,7093,7093,7.503863531650924,17.77070694204175,0.1,0.1759732,0.28431799999999996,1.672606,6.438806,17.75977,99.97600879999999,248.7877,0.521218102354434,28.070692824421123,9.047292,99.872998,99.9989208,0.9520654166079233
2018-11,7041,7041,7.767199980684563,19.076508082314522,0.1,0.2134704,0.289035,1.3592,6.812499,18.39197,100.47330000000001,248.7866,0.5173980968612413,27.242589301539837,8.238585,99.855879,99.9982763,0.9531316574350235
2018-12,6970,6970,7.67035820215208,17.699436793412396,0.1,0.16999999999999998,0.28058275,1.2548,6.9850365,19.611672000000006,99.89125709999996,237.9146,0.5164992826398852,25.917345096756844,7.8962725,99.367901,99.99842389999999,0.9548063127690101
2019-01,7066,7066,7.7934073451740735,17.763257630237838,0.1,0.18242850000000002,0.284996,1.2548,7.13054425,20.342850000000002,94.06163350000024,238.46319999999997,0.5175488253608831,25.02245092388568,7.756992,97.85599400000001,99.99686,0.9619303707896971
2019-02,7106,7106,7.850994310723332,17.2928084813817,0.1,0.1875,0.2876035,1.108669,7.25809225,21.52386,95.9162095,240.3786,0.5054883197298058,25.43524586551204,7.711149,98.634742,99.9978466,0.9563748944553898
2019-03,7083,7083,7.962448743752647,17.487905041561802,0.1,0.20032552,0.2918775,0.960919,7.225257000000001,21.52386,97.79009480000006,248.62320000000003,0.49767047861075814,24.695685201148102,7.474259,97.179324,99.9976519,0.9583509812226457
2019-04,7031,7031,7.973621610297255,17.42817581257547,0.1,0.21190579999999998,0.2917545,0.9643999999999999,7.318334999999999,21.54721,95.1472759999999,244.2462,0.491395249608875,24.040081326527147,6.782235,95.393242,99.99689,0.9611719527805433
2019-05,7104,7104,7.799392801238739,17.116166006879155,0.1,0.2400144,0.29011775,0.8984015000000001,6.957078,21.48882,95.18174190000006,235.465,0.4897240990990991,24.474983764827154,7.261086000000001,95.93697199999998,99.9969074,0.954954954954955
2019-06,7067,7067,8.114144855950192,18.292069643684172,0.11750000000000001,0.24549246,0.29260949999999997,0.8984000000000001,6.9376955,21.99256600000003,97.14630620000008,232.142,0.488326022357436,25.541513265442823,7.671808,98.137985,99.997599,0.9552851280599972
2019-07,7190,7190,8.38626593310153,18.852376585233582,0.11750000000000001,0.26607163,0.29441900000000004,1.0665825,6.92186,23.53028100000001,100.632865,222.2502,0.5050069541029207,22.526236278005364,8.2973865,71.48369100000001,99.989817,0.9645340751043116
2019-08,7107,7107,8.390195364570141,19.476027613239697,0.1,0.21999808,0.289354,1.202,6.747183499999999,23.560840000000006,99.5604362,248.7066,0.5214577177430703,21.750998124169417,8.1907315,67.355697,99.9872493,0.961587167581258
2019-09,7105,7105,8.771027319211823,20.10272791897838,0.1,0.24777960000000002,0.292072,1.1624,6.871019,24.849660000000018,101.38904000000001,248.78140000000002,0.5111893033075299,21.36837979038254,7.7996545,65.99273,99.9856905,0.9574947220267417
2019-10,7202,7202,8.690239704804222,19.477806654407,0.1,0.25383486,0.2900525,1.1360000000000001,6.724994,24.170072000000015,100.64163899999998,248.1061,0.513051930019439,21.985363143066845,7.797346,69.62288400000003,99.9847208,0.957095251319078
2019-11,7161,7161,8.70140818516967,20.07630380307124,0.1,0.23362000000000002,0.289267,1.096849,6.387617,24.80088,100.49391999999986,248.81660000000002,0.505934925289764,21.180444070381107,7.393868,65.94588,99.98498,0.9622957687473817
2019-12,7048,7048,8.416789300794552,19.10700123377144,0.1,0.24390983,0.2902195,0.6852039999999999,6.2578819999999995,24.16123,99.793948,242.10189999999997,0.4883654937570942,20.409994124446797,7.133435,61.41488,99.980145,0.9645289443813848
2020-01,7114,7114,8.308131015743603,19.248345763422318,0.1,0.2289089,0.2971775,0.889716,6.0441515,23.07726299999999,97.50440019999998,232.23919999999998,0.49254990160247397,19.08217431071214,6.543008,53.5876,99.966528,0.9337925217880236
2020-02,6872,6872,8.169672271245634,18.939257707039356,0.1,0.24599963000000002,0.286954,0.5893435,6.2157045,22.829430000000013,97.2416892,244.3362,0.4778812572759022,17.492471968050832,6.083004,49.02,99.18872240000002,0.9573632130384168
2020-03,6904,6904,8.384154347479722,19.5240025790181,0.1,0.24843717,0.28787975,0.9368255,5.70297025,23.967362999999988,99.15202800000013,247.7858,0.4975376593279258,18.7281644500389,7.712053,50.440354,96.4712168,0.9549536500579374
2020-04,6915,6915,8.304799165871295,19.376759627916417,0.1,0.19154178,0.2900355,0.971,5.933774,23.725640000000002,98.50682579999997,231.7628,0.4979031091829356,18.430572643542483,7.266478,50.34768,96.77768400000005,0.9645697758496024
2020-05,6907,6907,8.492996533806284,19.964910807065536,0.1,0.22044992000000002,0.29058649999999997,1.012797,6.0907485,23.799412000000007,101.15883399999996,238.534,0.5013754162443897,18.051119400989183,6.950005,49.60744,97.2984914,0.9626465904155205
2020-06,7068,7068,9.58729675099038,22.203171625434614,0.1,0.21031558,0.2915135,1.2416,6.908891000000001,26.280834000000002,105.97520399999999,248.64860000000002,0.5311262026032824,18.24618807853381,7.542743,49.025211999999996,98.129782,0.9545840407470289
2020-07,7189,7189,9.634478964529142,22.303092230004896,0.1,0.22753892,0.295153,1.2548,6.9209380000000005,27.16113999999999,106.91159999999999,235.51890000000003,0.5301154541660871,17.383113467621857,6.449781,49.019735,96.4901565,0.9566003616636528
2020-08,7215,7215,9.622162475952877,21.745088094992994,0.1,0.20373136,0.298445,1.3021639999999999,7.194356,27.671764000000007,105.68677799999993,248.70610000000002,0.5297297297297298,16.899001053289155,6.0625655,49.01967,96.510303,0.9593901593901594
2020-09,7221,7221,9.74526970267276,21.574129782012278,0.1,0.23178959999999998,0.292562,1.198012,7.432215,27.87836,106.45890000000001,246.7425,0.5267968425425841,17.485491117803928,6.501403,49.0927,97.19238700000007,0.9619166320454231
2020-10,7338,7338,9.364687536385938,21.025306115259628,0.1,0.1532793,0.29744125,1.1756,6.908891000000001,26.488165,104.352956,244.0136,0.5219405832651949,17.167297925767638,5.8333185,49.88832,98.72153579999997,0.9551648950667757
2020-11,7352,7352,9.163717818008706,20.84375641378951,0.1,0.15749956,0.30104775,1.127675,6.887660499999999,26.107352000000045,104.03797199999997,214.99009999999998,0.5110174102285092,17.02963445191577,5.537526,49.17447,98.81768100000005,0.9557943416757345
2020-12,7674,7674,9.027508062679177,20.59890304672884,0.1,0.17216161,0.30175075,1.1756,6.840319,25.289713999999996,105.08703299999999,236.18800000000002,0.5192859004430544,17.11417337936506,5.753926,49.02684800000001,97.22730979999994,0.95217617930675
2021-01,7930,7930,8.634864871626734,19.83099077094679,0.1,0.13635779000000003,0.3066955,1.1637155,6.19537375,24.647471000000017,101.16189700000001,222.84410000000003,0.5224464060529634,16.3561608966303,5.23488,49.01964,98.92126200000003,0.9390920554854981
2021-02,8329,8329,8.318717154760474,19.21861743162961,0.1,0.15184336,0.307888,1.255892,5.909149,23.237744,103.25689599999971,200.50150000000002,0.5323568255492857,16.06749776652886,5.381832,49.01964,96.82918500000004,0.9368471605234722
2021-03,8421,8421,8.060862069469184,19.033883889960666,0.1,0.146322,0.30181800000000003,1.3274,5.58925,21.60949,102.42791999999982,234.2124,0.5431658947868424,16.686658346475184,5.556267,49.022356,98.79988199999994,0.9369433558959743
2021-04,8143,8143,7.896778169593516,19.066389444789415,0.1,0.17247256,0.298895,1.1360000000000001,5.0620970000000005,21.24237000000002,100.62343399999997,221.18630000000002,0.5209382291538744,16.828102584571013,5.4665155,49.81572,93.9465375,0.9533341520324204
2021-05,8047,8047,7.899520470485895,19.021118717639563,0.1,0.16067776000000003,0.2970845,1.1228,5.050003,21.606906000000034,102.3789,229.77259999999998,0.5226792593513111,16.564078849430395,5.483293,49.01963,89.0284478,0.9507891139555114
2021-06,8239,8239,8.108077200267022,19.12223631013938,0.1,0.17739458,0.31491,1.5056,5.70263,21.738341999999996,101.62063799999997,243.2924,0.5594125500667557,16.381130572212825,5.311962,49.01962,83.81143860000009,0.9530282801310839
2021-07,8261,8261,8.208619067062099,19.23320707784686,0.1,0.173462,0.301865,1.4805709999999999,5.69271,22.02574,102.86281999999981,215.64390000000003,0.5551386030746883,16.7552325413726,5.423928,49.01968,88.44319060000004,0.9535165234233144
2021-08,8492,8492,8.014103843382006,18.974253106776477,0.1,0.17865503,0.30387949999999997,1.5035020000000001,5.36873275,20.99659000000001,102.59690500000004,238.1476,0.5614696184644371,16.107363911374172,5.2588145,49.01962,85.97398209999994,0.944300518134715
2021-09,8633,8633,8.000047794741109,18.71715007879448,0.1,0.17107568,0.298908,1.4924,5.690553,21.107930000000003,100.93170800000023,233.63710000000003,0.5660836325726862,16.06729135398926,5.335444,49.01962,86.08512800000004,0.9406926908374841
2021-10,8599,8599,8.100669853936504,19.25808480658487,0.1,0.18361909999999998,0.3032745,1.4924,5.7005,21.140639999999998,100.19977200000007,246.4283,0.5637864868007908,15.566334425258312,5.1806515,49.0196,83.60165129999983,0.9415048261425747
2021-11,8588,8588,8.393113401606895,20.171124111476843,0.1,0.18750522,0.29619775000000004,1.530265,5.811317,21.734507,105.14032499999969,248.8016,0.5632277596646483,15.151828859215488,4.889341,49.01958,81.59874779999984,0.9495808104331626
2021-12,8660,8660,7.1608370948036955,17.229630241941948,0.1,0.18776355000000003,0.29665375,1.4066695,5.086282000000001,18.677321000000006,92.89976819999998,246.79950000000002,0.5540415704387991,15.442666221449294,5.0860265,49.0196,84.56277709999989,0.9469976905311779
2022-01,8541,8541,7.237303376536706,17.00883764512502,0.1,0.175341,0.29134,1.483278,5.225891,19.32069,91.47323200000008,227.3697,0.5610584240721227,22.81966325617281,6.733918,86.267384,98.1191056,0.9555087226320103
2022-02,8316,8316,7.568612389009139,18.20797322962835,0.1,0.21778209999999998,0.28951275,1.373615,5.1016385,20.160429999999998,96.08490250000006,248.5824,0.5612073112073112,23.603320529822316,6.9149365,92.09450199999999,98.20264260000005,0.9587542087542088
2022-03,8398,8398,8.186298861752798,19.753926924129786,0.1,0.20792894,0.29739324999999994,1.4924,5.73585875,21.665143000000015,102.72320200000028,248.7563,0.5743034055727554,22.948060191165187,6.5330035,89.82320599999997,98.0405047,0.9602286258633008
2022-04,8473,8473,8.402702972500885,19.80255466148357,0.1,0.19622124,0.292906,1.68704,5.998681,22.527218,101.3451520000004,241.1134,0.5849167945237814,21.252242141887308,6.30112,77.491822,98.03999,0.9479523191313585
2022-05,8525,8525,9.08976478510264,21.46294081232879,0.1,0.20620300000000003,0.296794,1.8224,6.910557000000001,23.865896000000024,107.5844,247.9457,0.5992961876832844,23.173785752973288,7.555641,84.08507999999999,98.03999,0.9515542521994135
2022-06,8555,8555,9.778718035184102,22.924909294855038,0.1,0.2225,0.29443050000000004,1.8884,7.772732,25.50019,111.59284999999996,248.6653,0.626884862653419,22.924139586633956,7.759751,82.14926000000003,98.03999,0.9528930450029223
2022-07,8400,8400,9.771665226666668,22.733787554881083,0.1,0.22901919,0.3014325,1.8884,8.100132,25.356855,109.78305000000012,247.8802,0.6139285714285714,22.446941412334464,6.979515,84.75747800000003,98.1702437,0.9639285714285715
2022-08,8555,8555,9.792421019403857,21.937779963019715,0.1,0.21805932,0.2947675,1.8884,8.5868785,26.083326,105.05999199999997,248.7193,0.6126241963763881,22.23652976669766,6.807508,84.18040400000001,98.04,0.9565166569257744
2022-09,8413,8413,9.499870792107453,21.250913274497396,0.1,0.20326372,0.29484200000000005,1.8884,8.448318,24.839940000000006,104.44644399999991,245.0967,0.609414002139546,22.074697866723845,7.067064,81.93141600000004,98.0400178,0.9602995364317128
2022-10,8350,8350,9.979427749101795,22.267038595602042,0.1,0.21899145,0.29171125,1.8884,8.96107675,26.002264000000004,106.39839600000003,248.79340000000002,0.6029940119760479,22.078210761191627,7.016138,82.15477600000004,98.04558320000001,0.9592814371257485
2022-11,8273,8273,10.587035616704945,23.33383274142069,0.1,0.22211792000000002,0.302613,1.947055,9.741099,28.238924000000022,110.33249999999998,248.8133,0.6051009307385471,22.410574186080762,6.892818,85.40974100000001,98.0774947,0.9639792094766106
2022-12,8363,8363,11.479249589740526,25.48829420448067,0.1,0.222043,0.303273,2.076826,10.51943,29.533208,121.35769799999917,248.58159999999998,0.6071983737893101,24.06171561631711,7.692038,91.19594,98.487848,0.9597034556977161
2023-01,8253,8253,11.794862955531322,26.070755362640313,0.1,0.21631895999999998,0.30343000000000003,2.046021,10.50042,30.384876000000006,133.83566799999966,248.8107,0.5919059735853629,23.50833823822795,7.228861,89.813968,98.3831336,0.9554101538834363
2023-02,8273,8273,12.026865281276441,26.493339842235248,0.1,0.21492476000000002,0.294555,2.1524,11.04083,30.405968000000005,137.30164799999983,248.8066,0.5914420403722954,23.488060220719948,7.4670375,87.95116,98.04,0.9387163060558443
2023-03,8205,8205,13.600127402437536,29.086467765075223,0.1,0.21923616,0.30823,2.618564,12.73483,35.23017600000003,155.64472800000001,248.807,0.6078001218769044,24.229243771097778,7.992176,89.02232800000002,98.08564720000001,0.954174283973187
2023-04,8010,8010,14.606846146941322,31.714234486118887,0.103921,0.21830866000000002,0.29566425,2.64955,13.168759999999999,38.88645600000001,178.11510499999983,248.8153,0.601123595505618,24.44529650439062,7.7289604999999995,89.03643,98.1898405,0.9591760299625468
2023-05,8044,8044,15.4704380252362,33.8182899103517,0.1,0.21635768,0.2995415,2.661703,13.118860000000002,41.67660299999999,186.74977799999962,248.7816,0.604425658876181,24.182055916847137,7.9782945000000005,87.50123200000004,98.3020218,0.9600944803580308
2023-06,8049,8049,15.986267391228726,34.29626542358232,0.1,0.20825628000000002,0.297576,2.953519,14.05971,43.24821399999997,189.61317999999852,248.7968,0.6126226860479562,24.31277577975647,8.113178,87.82581400000001,98.1201906,0.9516710150329234
2023-07,7928,7928,15.814152152623612,33.80207675853093,0.1,0.21079690999999998,0.30552275,2.7435555000000003,13.759625,42.843895000000025,184.36686299999909,248.6135,0.599899091826438,23.437338027521083,7.7134325,86.767225,98.706733,0.9588799192734612
2023-08,7980,7980,17.16415861177945,43.37612817186686,0.1,0.20578853,0.30431925000000004,2.64955,13.996575,45.01588800000002,199.432723,783.0465,0.593358395989975,22.809896942849537,7.273345,85.678801,98.9210085,0.9597744360902256
2023-09,7905,7905,16.803550306641366,42.46119688130484,0.1,0.1875,0.297792,2.327315,14.116500000000002,44.69806200000004,184.38160800000009,807.0803,0.5864642631246046,23.11568218534887,7.848127,83.69185400000002,98.7111045,0.9611638203668564
2023-10,7882,7882,17.060976283811215,44.1631122018433,0.1,0.2133241,0.30823275,2.2709295000000003,13.998335,45.57094500000002,187.9396469999998,925.1200000000001,0.5865262623699569,23.20206585977057,7.845894,85.37312,98.959398,0.9607967520933773
2023-11,7825,7825,17.119950431948883,45.48236332478357,0.1,0.18202672,0.301689,2.286013,13.774790000000001,46.09482000000003,194.0006000000008,950.1200000000001,0.5819808306709265,23.127039554009404,7.622654000000001,84.44718,99.27427800000002,0.9591054313099041
2023-12,7836,7836,16.90039921477795,41.88847549126481,0.1,0.19657314999999997,0.30437725,2.3287445,13.774790000000001,46.544355,193.1628749999992,721.9929999999999,0.5880551301684533,22.191717027063866,6.966932,81.27295799999999,99.33286199999998,0.9564828994384891
2024-01,7861,7861,16.728751425518382,42.13268274480097,0.1,0.2233892,0.30181600000000003,2.3357099999999997,14.157520000000002,45.49994,193.06977999999992,887.9246999999999,0.5858033329092991,22.58983091198539,6.582253,85.48615,98.427618,0.9554764024933214
2024-02,7830,7830,16.8079888201788,41.178648752175086,0.1,0.18769198,0.30576175,2.3042,14.02543,45.129464000000006,195.74507200000002,812.5403,0.5882503192848021,22.750836823779316,7.008032,84.37933,98.58828,0.9590038314176246
2024-03,7818,7818,16.60631839575339,43.43546956669459,0.1,0.2225,0.313647,2.1524,13.630365,43.08169,191.50392799999992,884.3126,0.5791762599130212,22.770933189020962,7.313212500000001,83.45391000000001,98.804668,0.9568943463801484
2024-04,7889,7889,17.197770100519712,46.21496800449905,0.1,0.17616099999999998,0.311957,2.1524,13.618179999999999,44.06510799999999,225.7833159999998,874.1199,0.586639624794017,23.136497982780167,7.057471,85.416838,98.6501225,0.9560147040182533
2024-05,7870,7870,17.243643468233795,47.94149635513433,0.1,0.2158604,0.30762425,2.1524,13.19254,43.05564600000006,220.35661999999965,874.1199999999999,0.5795425667090216,22.979609609608634,7.1425705,85.657241,98.8063179,0.9621346886912325
2024-06,7790,7790,18.62742703928113,53.74258161471307,0.1,0.19483162,0.31523425,2.1998215,13.477810000000002,44.79077200000001,257.5509449999969,889.8479,0.5901155327342748,23.14996954564777,7.7535055,82.010625,99.4716155,0.9607188703465982
2024-07,8021,8021,18.036532161077176,52.01224214045404,0.1,0.20385840000000002,0.312771,2.1524,13.00226,44.56024,256.1066800000001,954.8457000000001,0.5814736317167436,21.313795268559268,6.347258,77.98263200000002,99.692559,0.957237252212941
2024-08,7949,7949,17.836957191344823,52.30168154895198,0.1,0.2023736,0.296596,1.888401,13.180639999999999,43.92414399999999,228.19237199999984,983.2684,0.5573028053843251,20.985666164163145,6.2422905,74.81327,99.91925,0.9520694426971946
2024-09,8138,8138,17.825860185426396,57.29689531120556,0.11750000000000001,0.24,0.30843075,1.8442844999999999,12.397485,40.739486,268.43308300000007,981.2887999999999,0.5538215777832391,21.811332664369672,6.5102525,79.26224200000001,99.911943,0.9395428852297862
2024-10,8061,8061,17.42218675896291,53.100104615741344,0.11750000000000001,0.24,0.30236199999999996,1.740657,12.60956,42.20875,240.43414,898.9565000000001,0.5443493363106314,21.649030522596654,6.370188,80.706805,99.7144455,0.9543480957697557
2024-11,8037,8037,16.793139062212266,49.81697711865892,0.1,0.16989064,0.302046,1.6705999999999999,12.00203,41.14394,237.31457600000087,870.9704,0.541993281075028,21.273769938731714,6.4465825,76.45889,99.684237,0.9558292895358965
2024-12,8020,8020,17.612958285286783,52.06860665318951,0.1,0.18209298,0.3033915,1.7274595000000001,12.00203,44.091700000000046,258.36762999999746,877.2793999999999,0.5443890274314215,21.402755792350007,6.384009,76.52175400000006,99.7496,0.9552369077306733
2025-01,8009,8009,16.473379787364216,47.429997626019286,0.1,0.18335728,0.29463100000000003,1.516406,11.76357,43.38426799999999,210.32873600000022,890.3802000000001,0.5363965538768884,21.686203484420528,6.561141,77.88065399999999,99.7898926,0.9559245848420527
2025-02,8000,8000,16.398791017125,47.64409135986627,0.1,0.19666766,0.29537975,1.5056,11.4455575,42.68897500000003,205.8836380000001,899.1300000000001,0.5315,22.293957936670175,7.179279,79.39227,99.59103,0.957125
2025-03,8084,8084,16.469256994928255,47.33238671604282,0.1,0.21133588,0.30023325,1.5056,11.17728,44.28397899999998,202.71325100000018,949.1301,0.5346363186541316,20.105022530746893,6.183492,71.845758,99.51259759999998,0.9585601187530925
2025-04,8163,8163,17.334471916329782,52.65798043349553,0.1,0.17463134,0.289388,1.618809,11.405650000000001,43.222736000000005,228.565928,931.7297,0.5458777410265834,20.551618370521673,6.311725,72.74160499999999,99.4603885,0.9562660786475561
2025-05,8140,8140,16.9086508504914,49.55755628243727,0.1,0.19219077,0.29946875,1.705572,11.1841325,43.82453000000002,222.9355679999998,764.13,0.5549140049140049,20.637230242666064,6.525391,73.17469200000002,99.65289539999999,0.9637592137592138
2025-06,8218,8218,17.158548224142127,50.71113520326358,0.1,0.1961692,0.30147425,1.963651,11.405650000000001,43.73612700000001,238.35907599999996,809.4697,0.580068143100511,21.459344976069865,7.223935,74.13806800000002,99.7041367,0.9560720369919689
2025-07,8384,8384,15.793862209923663,47.38613580147623,0.1,0.19179928,0.301874,1.924106,10.06658,40.13484799999999,203.17351600000003,870.9621999999999,0.5735925572519084,20.733212265967722,6.784882,71.66047999999998,99.84021639999999,0.960520038167939
2025-08,8348,8348,15.9593080143747,50.283235164234284,0.1,0.18614441,0.2986235,1.7324625,9.171992,39.349596,245.79528300000297,809.1234,0.563847628174413,20.767607143575347,6.729297,71.80632600000007,99.922478,0.9572352659319597
2025-09,8375,8375,16.605760763820893,55.974040956531546,0.1,0.17377483999999999,0.308056,1.6838,8.724658,37.51151,248.30188800000013,979.6238000000001,0.563820895522388,21.918047985125977,7.572226,76.14890599999997,99.9228532,0.9578507462686567
2025-10,8486,8486,13.756977681946736,43.53256803809675,0.1,0.20446915,0.31862199999999996,1.743779,8.139554749999999,32.817145,184.57206999999906,887.1444,0.5676408201744049,20.838802406082852,6.9484425000000005,71.49335100000003,99.804101,0.9532170633985387
2025-11,8269,8269,12.316426144031926,37.332989643529814,0.1,0.19654892000000002,0.323181,1.6507999999999998,7.941257,30.373032,155.1550799999994,824.9656,0.5577457975571412,21.298029403485625,7.3586815,73.20010800000003,99.9126619,0.9603337767565606
2025-12,8492,8492,11.912504076542627,38.929028459833035,0.1,0.19693180000000002,0.328878,1.6072945,7.13172,27.078514000000006,157.9455470000002,884.3984,0.5574658502119642,21.576213829045276,7.19814,74.13560999999999,99.9130964,0.9566650965614696
